revenue_category,year,power_code_code,value
Total tax and non-tax revenue,2004,600000,4001.294
Total tax and non-tax revenue,2005,600000,4437.224
Total tax and non-tax revenue,2006,600000,6344.029
Total tax and non-tax revenue,2007,600000,6775.955
Total tax and non-tax revenue,2008,600000,8280.234
Total tax and non-tax revenue,2009,600000,8915.884
Total tax and non-tax revenue,2010,600000,8600.519
Total tax and non-tax revenue,2011,600000,8974.107
Total tax and non-tax revenue,2012,600000,12518.157
Total tax and non-tax revenue,2013,600000,13091.262
Total tax and non-tax revenue,2014,600000,14353.194
Total tax and non-tax revenue,2015,600000,14849.923
Total tax and non-tax revenue,2016,600000,13452.542
Total tax and non-tax revenue,2017,600000,14882.326
Total tax and non-tax revenue,2018,600000,15979.815
Total tax and non-tax revenue,2019,600000,16176.818
Total tax and non-tax revenue,2020,600000,18620.749
Total tax and non-tax revenue,2021,600000,19131.238
Total tax and non-tax revenue,2004,600000,4001.294
Total tax and non-tax revenue,2005,600000,4437.224
Total tax and non-tax revenue,2006,600000,6344.029
Total tax and non-tax revenue,2007,600000,6775.955
Total tax and non-tax revenue,2008,600000,8280.234
Total tax and non-tax revenue,2009,600000,8915.884
Total tax and non-tax revenue,2010,600000,8600.519
Total tax and non-tax revenue,2011,600000,8974.107
Total tax and non-tax revenue,2012,600000,12518.157
Total tax and non-tax revenue,2013,600000,13091.262
Total tax and non-tax revenue,2014,600000,14353.194
Total tax and non-tax revenue,2015,600000,14849.923
Total tax and non-tax revenue,2016,600000,13452.542
Total tax and non-tax revenue,2017,600000,14882.326
Total tax and non-tax revenue,2018,600000,15979.815
Total tax and non-tax revenue,2019,600000,16176.818
Total tax and non-tax revenue,2020,600000,18620.749
Total tax and non-tax revenue,2021,600000,19131.238
Total tax revenue,2004,600000,1446.374
Total tax revenue,2005,600000,1462.424
Total tax revenue,2006,600000,1543.869
Total tax revenue,2007,600000,1836.545
Total tax revenue,2008,600000,2221.514
Total tax revenue,2009,600000,2595.144
Total tax revenue,2010,600000,2932.699
Total tax revenue,2011,600000,3394.427
Total tax revenue,2012,600000,3539.267
Total tax revenue,2013,600000,4421.882
Total tax revenue,2014,600000,5182.304
Total tax revenue,2015,600000,5872.243
Total tax revenue,2016,600000,5994.806
Total tax revenue,2017,600000,6095.027
Total tax revenue,2018,600000,7288.939
Total tax revenue,2019,600000,7247.74
Total tax revenue,2020,600000,6770.868
Total tax revenue,2021,600000,7826.412
Total tax revenue,2004,600000,1446.374
Total tax revenue,2005,600000,1462.424
Total tax revenue,2006,600000,1543.869
Total tax revenue,2007,600000,1836.545
Total tax revenue,2008,600000,2221.514
Total tax revenue,2009,600000,2595.144
Total tax revenue,2010,600000,2932.699
Total tax revenue,2011,600000,3394.427
Total tax revenue,2012,600000,3539.267
Total tax revenue,2013,600000,4421.882
Total tax revenue,2014,600000,5182.304
Total tax revenue,2015,600000,5872.243
Total tax revenue,2016,600000,5994.806
Total tax revenue,2017,600000,6095.027
Total tax revenue,2018,600000,7288.939
Total tax revenue,2019,600000,7247.74
Total tax revenue,2020,600000,6770.868
Total tax revenue,2021,600000,7826.412
"1000 Taxes on income, profits and capital gains",2004,600000,786.558
"1000 Taxes on income, profits and capital gains",2005,600000,806.77
"1000 Taxes on income, profits and capital gains",2006,600000,829.284
"1000 Taxes on income, profits and capital gains",2007,600000,988.672
"1000 Taxes on income, profits and capital gains",2008,600000,1233.798
"1000 Taxes on income, profits and capital gains",2009,600000,1560.169
"1000 Taxes on income, profits and capital gains",2010,600000,1651.512
"1000 Taxes on income, profits and capital gains",2011,600000,2024.875
"1000 Taxes on income, profits and capital gains",2012,600000,1898.842
"1000 Taxes on income, profits and capital gains",2013,600000,2689.582
"1000 Taxes on income, profits and capital gains",2014,600000,3065.509
"1000 Taxes on income, profits and capital gains",2015,600000,3651.289
"1000 Taxes on income, profits and capital gains",2016,600000,3734.2
"1000 Taxes on income, profits and capital gains",2017,600000,3575.685
"1000 Taxes on income, profits and capital gains",2018,600000,4103.455
"1000 Taxes on income, profits and capital gains",2019,600000,4055.621
"1000 Taxes on income, profits and capital gains",2020,600000,3743.12
"1000 Taxes on income, profits and capital gains",2021,600000,4161.17
"1000 Taxes on income, profits and capital gains",2004,600000,786.558
"1000 Taxes on income, profits and capital gains",2005,600000,806.77
"1000 Taxes on income, profits and capital gains",2006,600000,829.284
"1000 Taxes on income, profits and capital gains",2007,600000,988.672
"1000 Taxes on income, profits and capital gains",2008,600000,1233.798
"1000 Taxes on income, profits and capital gains",2009,600000,1560.169
"1000 Taxes on income, profits and capital gains",2010,600000,1651.512
"1000 Taxes on income, profits and capital gains",2011,600000,2024.875
"1000 Taxes on income, profits and capital gains",2012,600000,1898.842
"1000 Taxes on income, profits and capital gains",2013,600000,2689.582
"1000 Taxes on income, profits and capital gains",2014,600000,3065.509
"1000 Taxes on income, profits and capital gains",2015,600000,3651.289
"1000 Taxes on income, profits and capital gains",2016,600000,3734.2
"1000 Taxes on income, profits and capital gains",2017,600000,3575.685
"1000 Taxes on income, profits and capital gains",2018,600000,4103.455
"1000 Taxes on income, profits and capital gains",2019,600000,4055.621
"1000 Taxes on income, profits and capital gains",2020,600000,3743.12
"1000 Taxes on income, profits and capital gains",2021,600000,4161.17
"1100 Taxes on income, profits and capital gains of individuals",2004,600000,567.753
"1100 Taxes on income, profits and capital gains of individuals",2005,600000,617.883
"1100 Taxes on income, profits and capital gains of individuals",2006,600000,628.036
"1100 Taxes on income, profits and capital gains of individuals",2007,600000,716.208
"1100 Taxes on income, profits and capital gains of individuals",2008,600000,850.528
"1100 Taxes on income, profits and capital gains of individuals",2009,600000,866.185
"1100 Taxes on income, profits and capital gains of individuals",2010,600000,1179.647
"1100 Taxes on income, profits and capital gains of individuals",2011,600000,1469.101
"1100 Taxes on income, profits and capital gains of individuals",2012,600000,1445.721
"1100 Taxes on income, profits and capital gains of individuals",2013,600000,2072.014
"1100 Taxes on income, profits and capital gains of individuals",2014,600000,2158.683
"1100 Taxes on income, profits and capital gains of individuals",2015,600000,2484.098
"1100 Taxes on income, profits and capital gains of individuals",2016,600000,2695.462
"1100 Taxes on income, profits and capital gains of individuals",2017,600000,2751.488
"1100 Taxes on income, profits and capital gains of individuals",2018,600000,3111.605
"1100 Taxes on income, profits and capital gains of individuals",2019,600000,3142.412
"1100 Taxes on income, profits and capital gains of individuals",2020,600000,2850.863
"1100 Taxes on income, profits and capital gains of individuals",2021,600000,3235.265
"1100 Taxes on income, profits and capital gains of individuals",2004,600000,567.753
"1100 Taxes on income, profits and capital gains of individuals",2005,600000,617.883
"1100 Taxes on income, profits and capital gains of individuals",2006,600000,628.036
"1100 Taxes on income, profits and capital gains of individuals",2007,600000,716.208
"1100 Taxes on income, profits and capital gains of individuals",2008,600000,850.528
"1100 Taxes on income, profits and capital gains of individuals",2009,600000,866.185
"1100 Taxes on income, profits and capital gains of individuals",2010,600000,1179.647
"1100 Taxes on income, profits and capital gains of individuals",2011,600000,1469.101
"1100 Taxes on income, profits and capital gains of individuals",2012,600000,1445.721
"1100 Taxes on income, profits and capital gains of individuals",2013,600000,2072.014
"1100 Taxes on income, profits and capital gains of individuals",2014,600000,2158.683
"1100 Taxes on income, profits and capital gains of individuals",2015,600000,2484.098
"1100 Taxes on income, profits and capital gains of individuals",2016,600000,2695.462
"1100 Taxes on income, profits and capital gains of individuals",2017,600000,2751.488
"1100 Taxes on income, profits and capital gains of individuals",2018,600000,3111.605
"1100 Taxes on income, profits and capital gains of individuals",2019,600000,3142.412
"1100 Taxes on income, profits and capital gains of individuals",2020,600000,2850.863
"1100 Taxes on income, profits and capital gains of individuals",2021,600000,3235.265
1110 On income and profits of individuals,2004,600000,567.753
1110 On income and profits of individuals,2005,600000,617.883
1110 On income and profits of individuals,2006,600000,628.036
1110 On income and profits of individuals,2007,600000,716.208
1110 On income and profits of individuals,2008,600000,850.528
1110 On income and profits of individuals,2009,600000,866.185
1110 On income and profits of individuals,2010,600000,1179.647
1110 On income and profits of individuals,2011,600000,1469.101
1110 On income and profits of individuals,2012,600000,1445.721
1110 On income and profits of individuals,2013,600000,2072.014
1110 On income and profits of individuals,2014,600000,2158.683
1110 On income and profits of individuals,2015,600000,2484.098
1110 On income and profits of individuals,2016,600000,2695.462
1110 On income and profits of individuals,2017,600000,2751.488
1110 On income and profits of individuals,2018,600000,3111.605
1110 On income and profits of individuals,2019,600000,3142.412
1110 On income and profits of individuals,2020,600000,2850.863
1110 On income and profits of individuals,2021,600000,3235.265
1110 On income and profits of individuals,2004,600000,567.753
1110 On income and profits of individuals,2005,600000,617.883
1110 On income and profits of individuals,2006,600000,628.036
1110 On income and profits of individuals,2007,600000,716.208
1110 On income and profits of individuals,2008,600000,850.528
1110 On income and profits of individuals,2009,600000,866.185
1110 On income and profits of individuals,2010,600000,1179.647
1110 On income and profits of individuals,2011,600000,1469.101
1110 On income and profits of individuals,2012,600000,1445.721
1110 On income and profits of individuals,2013,600000,2072.014
1110 On income and profits of individuals,2014,600000,2158.683
1110 On income and profits of individuals,2015,600000,2484.098
1110 On income and profits of individuals,2016,600000,2695.462
1110 On income and profits of individuals,2017,600000,2751.488
1110 On income and profits of individuals,2018,600000,3111.605
1110 On income and profits of individuals,2019,600000,3142.412
1110 On income and profits of individuals,2020,600000,2850.863
1110 On income and profits of individuals,2021,600000,3235.265
Personal income tax,2004,600000,567.753
Personal income tax,2005,600000,617.883
Personal income tax,2006,600000,628.036
Personal income tax,2007,600000,716.208
Personal income tax,2008,600000,850.528
Personal income tax,2009,600000,866.185
Personal income tax,2010,600000,1179.647
Personal income tax,2011,600000,1469.101
Personal income tax,2012,600000,1445.721
Personal income tax,2013,600000,1644.675
Personal income tax,2014,600000,1651.341
Personal income tax,2015,600000,1736.5
Personal income tax,2016,600000,1965.013
Personal income tax,2017,600000,1977.036
Personal income tax,2018,600000,2212.087
Personal income tax,2019,600000,2295.861
Personal income tax,2020,600000,2022.619
Personal income tax,2021,600000,2372.891
Personal income tax,2004,600000,567.753
Personal income tax,2005,600000,617.883
Personal income tax,2006,600000,628.036
Personal income tax,2007,600000,716.208
Personal income tax,2008,600000,850.528
Personal income tax,2009,600000,866.185
Personal income tax,2010,600000,1179.647
Personal income tax,2011,600000,1469.101
Personal income tax,2012,600000,1445.721
Personal income tax,2013,600000,1644.675
Personal income tax,2014,600000,1651.341
Personal income tax,2015,600000,1736.5
Personal income tax,2016,600000,1965.013
Personal income tax,2017,600000,1977.036
Personal income tax,2018,600000,2212.087
Personal income tax,2019,600000,2295.861
Personal income tax,2020,600000,2022.619
Personal income tax,2021,600000,2372.891
Withholding tax,2004,600000,0.0
Withholding tax,2005,600000,0.0
Withholding tax,2006,600000,0.0
Withholding tax,2007,600000,0.0
Withholding tax,2008,600000,0.0
Withholding tax,2009,600000,0.0
Withholding tax,2010,600000,0.0
Withholding tax,2011,600000,0.0
Withholding tax,2012,600000,0.0
Withholding tax,2013,600000,427.339
Withholding tax,2014,600000,507.342
Withholding tax,2015,600000,747.598
Withholding tax,2016,600000,730.449
Withholding tax,2017,600000,774.453
Withholding tax,2018,600000,899.518
Withholding tax,2019,600000,846.551
Withholding tax,2020,600000,828.244
Withholding tax,2021,600000,862.375
Withholding tax,2004,600000,0.0
Withholding tax,2005,600000,0.0
Withholding tax,2006,600000,0.0
Withholding tax,2007,600000,0.0
Withholding tax,2008,600000,0.0
Withholding tax,2009,600000,0.0
Withholding tax,2010,600000,0.0
Withholding tax,2011,600000,0.0
Withholding tax,2012,600000,0.0
Withholding tax,2013,600000,427.339
Withholding tax,2014,600000,507.342
Withholding tax,2015,600000,747.598
Withholding tax,2016,600000,730.449
Withholding tax,2017,600000,774.453
Withholding tax,2018,600000,899.518
Withholding tax,2019,600000,846.551
Withholding tax,2020,600000,828.244
Withholding tax,2021,600000,862.375
1120 On capital gains of individuals,2004,600000,0.0
1120 On capital gains of individuals,2005,600000,0.0
1120 On capital gains of individuals,2006,600000,0.0
1120 On capital gains of individuals,2007,600000,0.0
1120 On capital gains of individuals,2008,600000,0.0
1120 On capital gains of individuals,2009,600000,0.0
1120 On capital gains of individuals,2010,600000,0.0
1120 On capital gains of individuals,2011,600000,0.0
1120 On capital gains of individuals,2012,600000,0.0
1120 On capital gains of individuals,2013,600000,0.0
1120 On capital gains of individuals,2014,600000,0.0
1120 On capital gains of individuals,2015,600000,0.0
1120 On capital gains of individuals,2016,600000,0.0
1120 On capital gains of individuals,2017,600000,0.0
1120 On capital gains of individuals,2018,600000,0.0
1120 On capital gains of individuals,2019,600000,0.0
1120 On capital gains of individuals,2020,600000,0.0
1120 On capital gains of individuals,2021,600000,0.0
1120 On capital gains of individuals,2004,600000,0.0
1120 On capital gains of individuals,2005,600000,0.0
1120 On capital gains of individuals,2006,600000,0.0
1120 On capital gains of individuals,2007,600000,0.0
1120 On capital gains of individuals,2008,600000,0.0
1120 On capital gains of individuals,2009,600000,0.0
1120 On capital gains of individuals,2010,600000,0.0
1120 On capital gains of individuals,2011,600000,0.0
1120 On capital gains of individuals,2012,600000,0.0
1120 On capital gains of individuals,2013,600000,0.0
1120 On capital gains of individuals,2014,600000,0.0
1120 On capital gains of individuals,2015,600000,0.0
1120 On capital gains of individuals,2016,600000,0.0
1120 On capital gains of individuals,2017,600000,0.0
1120 On capital gains of individuals,2018,600000,0.0
1120 On capital gains of individuals,2019,600000,0.0
1120 On capital gains of individuals,2020,600000,0.0
1120 On capital gains of individuals,2021,600000,0.0
"1200 Taxes on income, profits and capital gains of corporates",2004,600000,218.805
"1200 Taxes on income, profits and capital gains of corporates",2005,600000,188.887
"1200 Taxes on income, profits and capital gains of corporates",2006,600000,201.248
"1200 Taxes on income, profits and capital gains of corporates",2007,600000,272.464
"1200 Taxes on income, profits and capital gains of corporates",2008,600000,383.27
"1200 Taxes on income, profits and capital gains of corporates",2009,600000,693.983
"1200 Taxes on income, profits and capital gains of corporates",2010,600000,471.865
"1200 Taxes on income, profits and capital gains of corporates",2011,600000,555.774
"1200 Taxes on income, profits and capital gains of corporates",2012,600000,453.121
"1200 Taxes on income, profits and capital gains of corporates",2013,600000,602.281
"1200 Taxes on income, profits and capital gains of corporates",2014,600000,884.006
"1200 Taxes on income, profits and capital gains of corporates",2015,600000,1133.104
"1200 Taxes on income, profits and capital gains of corporates",2016,600000,990.564
"1200 Taxes on income, profits and capital gains of corporates",2017,600000,790.777
"1200 Taxes on income, profits and capital gains of corporates",2018,600000,958.624
"1200 Taxes on income, profits and capital gains of corporates",2019,600000,883.948
"1200 Taxes on income, profits and capital gains of corporates",2020,600000,861.664
"1200 Taxes on income, profits and capital gains of corporates",2021,600000,885.264
"1200 Taxes on income, profits and capital gains of corporates",2004,600000,218.805
"1200 Taxes on income, profits and capital gains of corporates",2005,600000,188.887
"1200 Taxes on income, profits and capital gains of corporates",2006,600000,201.248
"1200 Taxes on income, profits and capital gains of corporates",2007,600000,272.464
"1200 Taxes on income, profits and capital gains of corporates",2008,600000,383.27
"1200 Taxes on income, profits and capital gains of corporates",2009,600000,693.983
"1200 Taxes on income, profits and capital gains of corporates",2010,600000,471.865
"1200 Taxes on income, profits and capital gains of corporates",2011,600000,555.774
"1200 Taxes on income, profits and capital gains of corporates",2012,600000,453.121
"1200 Taxes on income, profits and capital gains of corporates",2013,600000,602.281
"1200 Taxes on income, profits and capital gains of corporates",2014,600000,884.006
"1200 Taxes on income, profits and capital gains of corporates",2015,600000,1133.104
"1200 Taxes on income, profits and capital gains of corporates",2016,600000,990.564
"1200 Taxes on income, profits and capital gains of corporates",2017,600000,790.777
"1200 Taxes on income, profits and capital gains of corporates",2018,600000,958.624
"1200 Taxes on income, profits and capital gains of corporates",2019,600000,883.948
"1200 Taxes on income, profits and capital gains of corporates",2020,600000,861.664
"1200 Taxes on income, profits and capital gains of corporates",2021,600000,885.264
1210 On profits of corporates,2004,600000,218.805
1210 On profits of corporates,2005,600000,188.887
1210 On profits of corporates,2006,600000,201.248
1210 On profits of corporates,2007,600000,272.464
1210 On profits of corporates,2008,600000,383.27
1210 On profits of corporates,2009,600000,693.983
1210 On profits of corporates,2010,600000,471.865
1210 On profits of corporates,2011,600000,555.774
1210 On profits of corporates,2012,600000,453.121
1210 On profits of corporates,2013,600000,602.281
1210 On profits of corporates,2014,600000,884.006
1210 On profits of corporates,2015,600000,1133.104
1210 On profits of corporates,2016,600000,990.564
1210 On profits of corporates,2017,600000,790.777
1210 On profits of corporates,2018,600000,958.624
1210 On profits of corporates,2019,600000,883.948
1210 On profits of corporates,2020,600000,861.664
1210 On profits of corporates,2021,600000,885.264
1210 On profits of corporates,2004,600000,218.805
1210 On profits of corporates,2005,600000,188.887
1210 On profits of corporates,2006,600000,201.248
1210 On profits of corporates,2007,600000,272.464
1210 On profits of corporates,2008,600000,383.27
1210 On profits of corporates,2009,600000,693.983
1210 On profits of corporates,2010,600000,471.865
1210 On profits of corporates,2011,600000,555.774
1210 On profits of corporates,2012,600000,453.121
1210 On profits of corporates,2013,600000,602.281
1210 On profits of corporates,2014,600000,884.006
1210 On profits of corporates,2015,600000,1133.104
1210 On profits of corporates,2016,600000,990.564
1210 On profits of corporates,2017,600000,790.777
1210 On profits of corporates,2018,600000,958.624
1210 On profits of corporates,2019,600000,883.948
1210 On profits of corporates,2020,600000,861.664
1210 On profits of corporates,2021,600000,885.264
Corporate income tax,2004,600000,218.805
Corporate income tax,2005,600000,188.887
Corporate income tax,2006,600000,201.248
Corporate income tax,2007,600000,272.464
Corporate income tax,2008,600000,383.27
Corporate income tax,2009,600000,693.983
Corporate income tax,2010,600000,471.865
Corporate income tax,2011,600000,555.774
Corporate income tax,2012,600000,453.121
Corporate income tax,2013,600000,595.386
Corporate income tax,2014,600000,877.085
Corporate income tax,2015,600000,1125.516
Corporate income tax,2016,600000,982.818
Corporate income tax,2017,600000,783.81
Corporate income tax,2018,600000,954.868
Corporate income tax,2019,600000,876.818
Corporate income tax,2020,600000,858.206
Corporate income tax,2021,600000,881.489
Corporate income tax,2004,600000,218.805
Corporate income tax,2005,600000,188.887
Corporate income tax,2006,600000,201.248
Corporate income tax,2007,600000,272.464
Corporate income tax,2008,600000,383.27
Corporate income tax,2009,600000,693.983
Corporate income tax,2010,600000,471.865
Corporate income tax,2011,600000,555.774
Corporate income tax,2012,600000,453.121
Corporate income tax,2013,600000,595.386
Corporate income tax,2014,600000,877.085
Corporate income tax,2015,600000,1125.516
Corporate income tax,2016,600000,982.818
Corporate income tax,2017,600000,783.81
Corporate income tax,2018,600000,954.868
Corporate income tax,2019,600000,876.818
Corporate income tax,2020,600000,858.206
Corporate income tax,2021,600000,881.489
Gambling levy,2004,600000,0.0
Gambling levy,2005,600000,0.0
Gambling levy,2006,600000,0.0
Gambling levy,2007,600000,0.0
Gambling levy,2008,600000,0.0
Gambling levy,2009,600000,0.0
Gambling levy,2010,600000,0.0
Gambling levy,2011,600000,0.0
Gambling levy,2012,600000,0.0
Gambling levy,2013,600000,6.895
Gambling levy,2014,600000,6.921
Gambling levy,2015,600000,7.588
Gambling levy,2016,600000,7.746
Gambling levy,2017,600000,6.967
Gambling levy,2018,600000,3.756
Gambling levy,2019,600000,7.13
Gambling levy,2020,600000,3.459
Gambling levy,2021,600000,3.775
Gambling levy,2004,600000,0.0
Gambling levy,2005,600000,0.0
Gambling levy,2006,600000,0.0
Gambling levy,2007,600000,0.0
Gambling levy,2008,600000,0.0
Gambling levy,2009,600000,0.0
Gambling levy,2010,600000,0.0
Gambling levy,2011,600000,0.0
Gambling levy,2012,600000,0.0
Gambling levy,2013,600000,6.895
Gambling levy,2014,600000,6.921
Gambling levy,2015,600000,7.588
Gambling levy,2016,600000,7.746
Gambling levy,2017,600000,6.967
Gambling levy,2018,600000,3.756
Gambling levy,2019,600000,7.13
Gambling levy,2020,600000,3.459
Gambling levy,2021,600000,3.775
1220 On capital gains of corporates,2004,600000,0.0
1220 On capital gains of corporates,2005,600000,0.0
1220 On capital gains of corporates,2006,600000,0.0
1220 On capital gains of corporates,2007,600000,0.0
1220 On capital gains of corporates,2008,600000,0.0
1220 On capital gains of corporates,2009,600000,0.0
1220 On capital gains of corporates,2010,600000,0.0
1220 On capital gains of corporates,2011,600000,0.0
1220 On capital gains of corporates,2012,600000,0.0
1220 On capital gains of corporates,2013,600000,0.0
1220 On capital gains of corporates,2014,600000,0.0
1220 On capital gains of corporates,2015,600000,0.0
1220 On capital gains of corporates,2016,600000,0.0
1220 On capital gains of corporates,2017,600000,0.0
1220 On capital gains of corporates,2018,600000,0.0
1220 On capital gains of corporates,2019,600000,0.0
1220 On capital gains of corporates,2020,600000,0.0
1220 On capital gains of corporates,2021,600000,0.0
1220 On capital gains of corporates,2004,600000,0.0
1220 On capital gains of corporates,2005,600000,0.0
1220 On capital gains of corporates,2006,600000,0.0
1220 On capital gains of corporates,2007,600000,0.0
1220 On capital gains of corporates,2008,600000,0.0
1220 On capital gains of corporates,2009,600000,0.0
1220 On capital gains of corporates,2010,600000,0.0
1220 On capital gains of corporates,2011,600000,0.0
1220 On capital gains of corporates,2012,600000,0.0
1220 On capital gains of corporates,2013,600000,0.0
1220 On capital gains of corporates,2014,600000,0.0
1220 On capital gains of corporates,2015,600000,0.0
1220 On capital gains of corporates,2016,600000,0.0
1220 On capital gains of corporates,2017,600000,0.0
1220 On capital gains of corporates,2018,600000,0.0
1220 On capital gains of corporates,2019,600000,0.0
1220 On capital gains of corporates,2020,600000,0.0
1220 On capital gains of corporates,2021,600000,0.0
1300 Unallocable between 1100 and 1200,2004,600000,0.0
1300 Unallocable between 1100 and 1200,2005,600000,0.0
1300 Unallocable between 1100 and 1200,2006,600000,0.0
1300 Unallocable between 1100 and 1200,2007,600000,0.0
1300 Unallocable between 1100 and 1200,2008,600000,0.0
1300 Unallocable between 1100 and 1200,2009,600000,0.0
1300 Unallocable between 1100 and 1200,2010,600000,0.0
1300 Unallocable between 1100 and 1200,2011,600000,0.0
1300 Unallocable between 1100 and 1200,2012,600000,0.0
1300 Unallocable between 1100 and 1200,2013,600000,15.287
1300 Unallocable between 1100 and 1200,2014,600000,22.821
1300 Unallocable between 1100 and 1200,2015,600000,34.087
1300 Unallocable between 1100 and 1200,2016,600000,48.174
1300 Unallocable between 1100 and 1200,2017,600000,33.419
1300 Unallocable between 1100 and 1200,2018,600000,33.225
1300 Unallocable between 1100 and 1200,2019,600000,29.26
1300 Unallocable between 1100 and 1200,2020,600000,30.593
1300 Unallocable between 1100 and 1200,2021,600000,40.64
1300 Unallocable between 1100 and 1200,2004,600000,0.0
1300 Unallocable between 1100 and 1200,2005,600000,0.0
1300 Unallocable between 1100 and 1200,2006,600000,0.0
1300 Unallocable between 1100 and 1200,2007,600000,0.0
1300 Unallocable between 1100 and 1200,2008,600000,0.0
1300 Unallocable between 1100 and 1200,2009,600000,0.0
1300 Unallocable between 1100 and 1200,2010,600000,0.0
1300 Unallocable between 1100 and 1200,2011,600000,0.0
1300 Unallocable between 1100 and 1200,2012,600000,0.0
1300 Unallocable between 1100 and 1200,2013,600000,15.287
1300 Unallocable between 1100 and 1200,2014,600000,22.821
1300 Unallocable between 1100 and 1200,2015,600000,34.087
1300 Unallocable between 1100 and 1200,2016,600000,48.174
1300 Unallocable between 1100 and 1200,2017,600000,33.419
1300 Unallocable between 1100 and 1200,2018,600000,33.225
1300 Unallocable between 1100 and 1200,2019,600000,29.26
1300 Unallocable between 1100 and 1200,2020,600000,30.593
1300 Unallocable between 1100 and 1200,2021,600000,40.64
2000 Social security contributions (SSC),2004,600000,0.0
2000 Social security contributions (SSC),2005,600000,0.0
2000 Social security contributions (SSC),2006,600000,0.0
2000 Social security contributions (SSC),2007,600000,0.0
2000 Social security contributions (SSC),2008,600000,0.0
2000 Social security contributions (SSC),2009,600000,0.0
2000 Social security contributions (SSC),2010,600000,0.0
2000 Social security contributions (SSC),2011,600000,0.0
2000 Social security contributions (SSC),2012,600000,0.0
2000 Social security contributions (SSC),2013,600000,0.0
2000 Social security contributions (SSC),2014,600000,0.0
2000 Social security contributions (SSC),2015,600000,0.0
2000 Social security contributions (SSC),2016,600000,0.0
2000 Social security contributions (SSC),2017,600000,0.0
2000 Social security contributions (SSC),2018,600000,0.0
2000 Social security contributions (SSC),2019,600000,0.0
2000 Social security contributions (SSC),2020,600000,0.0
2000 Social security contributions (SSC),2021,600000,0.0
2000 Social security contributions (SSC),2004,600000,0.0
2000 Social security contributions (SSC),2005,600000,0.0
2000 Social security contributions (SSC),2006,600000,0.0
2000 Social security contributions (SSC),2007,600000,0.0
2000 Social security contributions (SSC),2008,600000,0.0
2000 Social security contributions (SSC),2009,600000,0.0
2000 Social security contributions (SSC),2010,600000,0.0
2000 Social security contributions (SSC),2011,600000,0.0
2000 Social security contributions (SSC),2012,600000,0.0
2000 Social security contributions (SSC),2013,600000,0.0
2000 Social security contributions (SSC),2014,600000,0.0
2000 Social security contributions (SSC),2015,600000,0.0
2000 Social security contributions (SSC),2016,600000,0.0
2000 Social security contributions (SSC),2017,600000,0.0
2000 Social security contributions (SSC),2018,600000,0.0
2000 Social security contributions (SSC),2019,600000,0.0
2000 Social security contributions (SSC),2020,600000,0.0
2000 Social security contributions (SSC),2021,600000,0.0
3000 Taxes on payroll and workforce,2004,600000,0.0
3000 Taxes on payroll and workforce,2005,600000,0.0
3000 Taxes on payroll and workforce,2006,600000,0.0
3000 Taxes on payroll and workforce,2007,600000,0.0
3000 Taxes on payroll and workforce,2008,600000,0.0
3000 Taxes on payroll and workforce,2009,600000,0.0
3000 Taxes on payroll and workforce,2010,600000,0.0
3000 Taxes on payroll and workforce,2011,600000,0.0
3000 Taxes on payroll and workforce,2012,600000,0.0
3000 Taxes on payroll and workforce,2013,600000,0.0
3000 Taxes on payroll and workforce,2014,600000,0.0
3000 Taxes on payroll and workforce,2015,600000,0.0
3000 Taxes on payroll and workforce,2016,600000,0.0
3000 Taxes on payroll and workforce,2017,600000,0.0
3000 Taxes on payroll and workforce,2018,600000,0.0
3000 Taxes on payroll and workforce,2019,600000,0.0
3000 Taxes on payroll and workforce,2020,600000,0.0
3000 Taxes on payroll and workforce,2021,600000,0.0
3000 Taxes on payroll and workforce,2004,600000,0.0
3000 Taxes on payroll and workforce,2005,600000,0.0
3000 Taxes on payroll and workforce,2006,600000,0.0
3000 Taxes on payroll and workforce,2007,600000,0.0
3000 Taxes on payroll and workforce,2008,600000,0.0
3000 Taxes on payroll and workforce,2009,600000,0.0
3000 Taxes on payroll and workforce,2010,600000,0.0
3000 Taxes on payroll and workforce,2011,600000,0.0
3000 Taxes on payroll and workforce,2012,600000,0.0
3000 Taxes on payroll and workforce,2013,600000,0.0
3000 Taxes on payroll and workforce,2014,600000,0.0
3000 Taxes on payroll and workforce,2015,600000,0.0
3000 Taxes on payroll and workforce,2016,600000,0.0
3000 Taxes on payroll and workforce,2017,600000,0.0
3000 Taxes on payroll and workforce,2018,600000,0.0
3000 Taxes on payroll and workforce,2019,600000,0.0
3000 Taxes on payroll and workforce,2020,600000,0.0
3000 Taxes on payroll and workforce,2021,600000,0.0
5000 Taxes on goods and services,2004,600000,659.816
5000 Taxes on goods and services,2005,600000,655.654
5000 Taxes on goods and services,2006,600000,714.585
5000 Taxes on goods and services,2007,600000,847.873
5000 Taxes on goods and services,2008,600000,987.716
5000 Taxes on goods and services,2009,600000,1034.976
5000 Taxes on goods and services,2010,600000,1281.187
5000 Taxes on goods and services,2011,600000,1369.552
5000 Taxes on goods and services,2012,600000,1640.425
5000 Taxes on goods and services,2013,600000,1732.3
5000 Taxes on goods and services,2014,600000,2116.794
5000 Taxes on goods and services,2015,600000,2220.954
5000 Taxes on goods and services,2016,600000,2260.606
5000 Taxes on goods and services,2017,600000,2519.342
5000 Taxes on goods and services,2018,600000,3185.484
5000 Taxes on goods and services,2019,600000,3192.119
5000 Taxes on goods and services,2020,600000,3027.748
5000 Taxes on goods and services,2021,600000,3665.242
5000 Taxes on goods and services,2004,600000,659.816
5000 Taxes on goods and services,2005,600000,655.654
5000 Taxes on goods and services,2006,600000,714.585
5000 Taxes on goods and services,2007,600000,847.873
5000 Taxes on goods and services,2008,600000,987.716
5000 Taxes on goods and services,2009,600000,1034.976
5000 Taxes on goods and services,2010,600000,1281.187
5000 Taxes on goods and services,2011,600000,1369.552
5000 Taxes on goods and services,2012,600000,1640.425
5000 Taxes on goods and services,2013,600000,1732.3
5000 Taxes on goods and services,2014,600000,2116.794
5000 Taxes on goods and services,2015,600000,2220.954
5000 Taxes on goods and services,2016,600000,2260.606
5000 Taxes on goods and services,2017,600000,2519.342
5000 Taxes on goods and services,2018,600000,3185.484
5000 Taxes on goods and services,2019,600000,3192.119
5000 Taxes on goods and services,2020,600000,3027.748
5000 Taxes on goods and services,2021,600000,3665.242
"5100 Taxes on production, sale, transfer, etc",2004,600000,659.816
"5100 Taxes on production, sale, transfer, etc",2005,600000,655.654
"5100 Taxes on production, sale, transfer, etc",2006,600000,714.585
"5100 Taxes on production, sale, transfer, etc",2007,600000,847.873
"5100 Taxes on production, sale, transfer, etc",2008,600000,987.716
"5100 Taxes on production, sale, transfer, etc",2009,600000,1034.976
"5100 Taxes on production, sale, transfer, etc",2010,600000,1281.187
"5100 Taxes on production, sale, transfer, etc",2011,600000,1369.552
"5100 Taxes on production, sale, transfer, etc",2012,600000,1640.425
"5100 Taxes on production, sale, transfer, etc",2013,600000,1732.3
"5100 Taxes on production, sale, transfer, etc",2014,600000,2116.794
"5100 Taxes on production, sale, transfer, etc",2015,600000,2220.954
"5100 Taxes on production, sale, transfer, etc",2016,600000,2260.606
"5100 Taxes on production, sale, transfer, etc",2017,600000,2519.342
"5100 Taxes on production, sale, transfer, etc",2018,600000,3185.484
"5100 Taxes on production, sale, transfer, etc",2019,600000,3192.119
"5100 Taxes on production, sale, transfer, etc",2020,600000,3027.748
"5100 Taxes on production, sale, transfer, etc",2021,600000,3665.242
"5100 Taxes on production, sale, transfer, etc",2004,600000,659.816
"5100 Taxes on production, sale, transfer, etc",2005,600000,655.654
"5100 Taxes on production, sale, transfer, etc",2006,600000,714.585
"5100 Taxes on production, sale, transfer, etc",2007,600000,847.873
"5100 Taxes on production, sale, transfer, etc",2008,600000,987.716
"5100 Taxes on production, sale, transfer, etc",2009,600000,1034.976
"5100 Taxes on production, sale, transfer, etc",2010,600000,1281.187
"5100 Taxes on production, sale, transfer, etc",2011,600000,1369.552
"5100 Taxes on production, sale, transfer, etc",2012,600000,1640.425
"5100 Taxes on production, sale, transfer, etc",2013,600000,1732.3
"5100 Taxes on production, sale, transfer, etc",2014,600000,2116.794
"5100 Taxes on production, sale, transfer, etc",2015,600000,2220.954
"5100 Taxes on production, sale, transfer, etc",2016,600000,2260.606
"5100 Taxes on production, sale, transfer, etc",2017,600000,2519.342
"5100 Taxes on production, sale, transfer, etc",2018,600000,3185.484
"5100 Taxes on production, sale, transfer, etc",2019,600000,3192.119
"5100 Taxes on production, sale, transfer, etc",2020,600000,3027.748
"5100 Taxes on production, sale, transfer, etc",2021,600000,3665.242
5110 General taxes on goods and services,2004,600000,659.816
5110 General taxes on goods and services,2005,600000,655.654
5110 General taxes on goods and services,2006,600000,714.585
5110 General taxes on goods and services,2007,600000,847.873
5110 General taxes on goods and services,2008,600000,987.716
5110 General taxes on goods and services,2009,600000,1034.976
5110 General taxes on goods and services,2010,600000,1281.187
5110 General taxes on goods and services,2011,600000,1369.552
5110 General taxes on goods and services,2012,600000,1640.425
5110 General taxes on goods and services,2013,600000,1732.3
5110 General taxes on goods and services,2014,600000,2116.794
5110 General taxes on goods and services,2015,600000,2210.184
5110 General taxes on goods and services,2016,600000,2253.986
5110 General taxes on goods and services,2017,600000,2414.009
5110 General taxes on goods and services,2018,600000,2880.249
5110 General taxes on goods and services,2019,600000,2906.641
5110 General taxes on goods and services,2020,600000,2607.66
5110 General taxes on goods and services,2021,600000,3121.55
5110 General taxes on goods and services,2004,600000,659.816
5110 General taxes on goods and services,2005,600000,655.654
5110 General taxes on goods and services,2006,600000,714.585
5110 General taxes on goods and services,2007,600000,847.873
5110 General taxes on goods and services,2008,600000,987.716
5110 General taxes on goods and services,2009,600000,1034.976
5110 General taxes on goods and services,2010,600000,1281.187
5110 General taxes on goods and services,2011,600000,1369.552
5110 General taxes on goods and services,2012,600000,1640.425
5110 General taxes on goods and services,2013,600000,1732.3
5110 General taxes on goods and services,2014,600000,2116.794
5110 General taxes on goods and services,2015,600000,2210.184
5110 General taxes on goods and services,2016,600000,2253.986
5110 General taxes on goods and services,2017,600000,2414.009
5110 General taxes on goods and services,2018,600000,2880.249
5110 General taxes on goods and services,2019,600000,2906.641
5110 General taxes on goods and services,2020,600000,2607.66
5110 General taxes on goods and services,2021,600000,3121.55
5111 Value added taxes,2004,600000,659.816
5111 Value added taxes,2005,600000,655.654
5111 Value added taxes,2006,600000,714.585
5111 Value added taxes,2007,600000,847.873
5111 Value added taxes,2008,600000,987.716
5111 Value added taxes,2009,600000,1034.976
5111 Value added taxes,2010,600000,1281.187
5111 Value added taxes,2011,600000,1369.552
5111 Value added taxes,2012,600000,1640.425
5111 Value added taxes,2013,600000,1732.3
5111 Value added taxes,2014,600000,2116.794
5111 Value added taxes,2015,600000,2210.184
5111 Value added taxes,2016,600000,2253.986
5111 Value added taxes,2017,600000,2414.009
5111 Value added taxes,2018,600000,2880.249
5111 Value added taxes,2019,600000,2906.641
5111 Value added taxes,2020,600000,2607.66
5111 Value added taxes,2021,600000,3121.55
5111 Value added taxes,2004,600000,659.816
5111 Value added taxes,2005,600000,655.654
5111 Value added taxes,2006,600000,714.585
5111 Value added taxes,2007,600000,847.873
5111 Value added taxes,2008,600000,987.716
5111 Value added taxes,2009,600000,1034.976
5111 Value added taxes,2010,600000,1281.187
5111 Value added taxes,2011,600000,1369.552
5111 Value added taxes,2012,600000,1640.425
5111 Value added taxes,2013,600000,1732.3
5111 Value added taxes,2014,600000,2116.794
5111 Value added taxes,2015,600000,2210.184
5111 Value added taxes,2016,600000,2253.986
5111 Value added taxes,2017,600000,2414.009
5111 Value added taxes,2018,600000,2880.249
5111 Value added taxes,2019,600000,2906.641
5111 Value added taxes,2020,600000,2607.66
5111 Value added taxes,2021,600000,3121.55
VAT on imports,2004,600000,246.661
VAT on imports,2005,600000,252.172
VAT on imports,2006,600000,270.351
VAT on imports,2007,600000,319.629
VAT on imports,2008,600000,368.742
VAT on imports,2009,600000,362.632
VAT on imports,2010,600000,473.487
VAT on imports,2011,600000,495.676
VAT on imports,2012,600000,568.796
VAT on imports,2013,600000,552.048
VAT on imports,2014,600000,705.095
VAT on imports,2015,600000,780.074
VAT on imports,2016,600000,798.186
VAT on imports,2017,600000,795.215
VAT on imports,2018,600000,880.346
VAT on imports,2019,600000,896.008
VAT on imports,2020,600000,661.731
VAT on imports,2021,600000,840.805
VAT on imports,2004,600000,246.661
VAT on imports,2005,600000,252.172
VAT on imports,2006,600000,270.351
VAT on imports,2007,600000,319.629
VAT on imports,2008,600000,368.742
VAT on imports,2009,600000,362.632
VAT on imports,2010,600000,473.487
VAT on imports,2011,600000,495.676
VAT on imports,2012,600000,568.796
VAT on imports,2013,600000,552.048
VAT on imports,2014,600000,705.095
VAT on imports,2015,600000,780.074
VAT on imports,2016,600000,798.186
VAT on imports,2017,600000,795.215
VAT on imports,2018,600000,880.346
VAT on imports,2019,600000,896.008
VAT on imports,2020,600000,661.731
VAT on imports,2021,600000,840.805
VAT - Domestic (Net),2004,600000,413.154
VAT - Domestic (Net),2005,600000,403.482
VAT - Domestic (Net),2006,600000,444.234
VAT - Domestic (Net),2007,600000,528.243
VAT - Domestic (Net),2008,600000,618.974
VAT - Domestic (Net),2009,600000,672.344
VAT - Domestic (Net),2010,600000,807.7
VAT - Domestic (Net),2011,600000,873.876
VAT - Domestic (Net),2012,600000,1071.629
VAT - Domestic (Net),2013,600000,1180.252
VAT - Domestic (Net),2014,600000,1411.699
VAT - Domestic (Net),2015,600000,1430.11
VAT - Domestic (Net),2016,600000,1455.8
VAT - Domestic (Net),2017,600000,1618.794
VAT - Domestic (Net),2018,600000,1999.903
VAT - Domestic (Net),2019,600000,2010.633
VAT - Domestic (Net),2020,600000,1945.929
VAT - Domestic (Net),2021,600000,2280.745
VAT - Domestic (Net),2004,600000,413.154
VAT - Domestic (Net),2005,600000,403.482
VAT - Domestic (Net),2006,600000,444.234
VAT - Domestic (Net),2007,600000,528.243
VAT - Domestic (Net),2008,600000,618.974
VAT - Domestic (Net),2009,600000,672.344
VAT - Domestic (Net),2010,600000,807.7
VAT - Domestic (Net),2011,600000,873.876
VAT - Domestic (Net),2012,600000,1071.629
VAT - Domestic (Net),2013,600000,1180.252
VAT - Domestic (Net),2014,600000,1411.699
VAT - Domestic (Net),2015,600000,1430.11
VAT - Domestic (Net),2016,600000,1455.8
VAT - Domestic (Net),2017,600000,1618.794
VAT - Domestic (Net),2018,600000,1999.903
VAT - Domestic (Net),2019,600000,2010.633
VAT - Domestic (Net),2020,600000,1945.929
VAT - Domestic (Net),2021,600000,2280.745
5112 Sales tax,2004,600000,0.0
5112 Sales tax,2005,600000,0.0
5112 Sales tax,2006,600000,0.0
5112 Sales tax,2007,600000,0.0
5112 Sales tax,2008,600000,0.0
5112 Sales tax,2009,600000,0.0
5112 Sales tax,2010,600000,0.0
5112 Sales tax,2011,600000,0.0
5112 Sales tax,2012,600000,0.0
5112 Sales tax,2013,600000,0.0
5112 Sales tax,2014,600000,0.0
5112 Sales tax,2015,600000,0.0
5112 Sales tax,2016,600000,0.0
5112 Sales tax,2017,600000,0.0
5112 Sales tax,2018,600000,0.0
5112 Sales tax,2019,600000,0.0
5112 Sales tax,2020,600000,0.0
5112 Sales tax,2021,600000,0.0
5112 Sales tax,2004,600000,0.0
5112 Sales tax,2005,600000,0.0
5112 Sales tax,2006,600000,0.0
5112 Sales tax,2007,600000,0.0
5112 Sales tax,2008,600000,0.0
5112 Sales tax,2009,600000,0.0
5112 Sales tax,2010,600000,0.0
5112 Sales tax,2011,600000,0.0
5112 Sales tax,2012,600000,0.0
5112 Sales tax,2013,600000,0.0
5112 Sales tax,2014,600000,0.0
5112 Sales tax,2015,600000,0.0
5112 Sales tax,2016,600000,0.0
5112 Sales tax,2017,600000,0.0
5112 Sales tax,2018,600000,0.0
5112 Sales tax,2019,600000,0.0
5112 Sales tax,2020,600000,0.0
5112 Sales tax,2021,600000,0.0
5113 Other (than value added and sales tax),2004,600000,0.0
5113 Other (than value added and sales tax),2005,600000,0.0
5113 Other (than value added and sales tax),2006,600000,0.0
5113 Other (than value added and sales tax),2007,600000,0.0
5113 Other (than value added and sales tax),2008,600000,0.0
5113 Other (than value added and sales tax),2009,600000,0.0
5113 Other (than value added and sales tax),2010,600000,0.0
5113 Other (than value added and sales tax),2011,600000,0.0
5113 Other (than value added and sales tax),2012,600000,0.0
5113 Other (than value added and sales tax),2013,600000,0.0
5113 Other (than value added and sales tax),2014,600000,0.0
5113 Other (than value added and sales tax),2015,600000,0.0
5113 Other (than value added and sales tax),2016,600000,0.0
5113 Other (than value added and sales tax),2017,600000,0.0
5113 Other (than value added and sales tax),2018,600000,0.0
5113 Other (than value added and sales tax),2019,600000,0.0
5113 Other (than value added and sales tax),2020,600000,0.0
5113 Other (than value added and sales tax),2021,600000,0.0
5113 Other (than value added and sales tax),2004,600000,0.0
5113 Other (than value added and sales tax),2005,600000,0.0
5113 Other (than value added and sales tax),2006,600000,0.0
5113 Other (than value added and sales tax),2007,600000,0.0
5113 Other (than value added and sales tax),2008,600000,0.0
5113 Other (than value added and sales tax),2009,600000,0.0
5113 Other (than value added and sales tax),2010,600000,0.0
5113 Other (than value added and sales tax),2011,600000,0.0
5113 Other (than value added and sales tax),2012,600000,0.0
5113 Other (than value added and sales tax),2013,600000,0.0
5113 Other (than value added and sales tax),2014,600000,0.0
5113 Other (than value added and sales tax),2015,600000,0.0
5113 Other (than value added and sales tax),2016,600000,0.0
5113 Other (than value added and sales tax),2017,600000,0.0
5113 Other (than value added and sales tax),2018,600000,0.0
5113 Other (than value added and sales tax),2019,600000,0.0
5113 Other (than value added and sales tax),2020,600000,0.0
5113 Other (than value added and sales tax),2021,600000,0.0
5120 Taxes on specific goods and services,2004,600000,0.0
5120 Taxes on specific goods and services,2005,600000,0.0
5120 Taxes on specific goods and services,2006,600000,0.0
5120 Taxes on specific goods and services,2007,600000,0.0
5120 Taxes on specific goods and services,2008,600000,0.0
5120 Taxes on specific goods and services,2009,600000,0.0
5120 Taxes on specific goods and services,2010,600000,0.0
5120 Taxes on specific goods and services,2011,600000,0.0
5120 Taxes on specific goods and services,2012,600000,0.0
5120 Taxes on specific goods and services,2013,600000,0.0
5120 Taxes on specific goods and services,2014,600000,0.0
5120 Taxes on specific goods and services,2015,600000,10.77
5120 Taxes on specific goods and services,2016,600000,6.62
5120 Taxes on specific goods and services,2017,600000,105.333
5120 Taxes on specific goods and services,2004,600000,0.0
5120 Taxes on specific goods and services,2005,600000,0.0
5120 Taxes on specific goods and services,2006,600000,0.0
5120 Taxes on specific goods and services,2007,600000,0.0
5120 Taxes on specific goods and services,2008,600000,0.0
5120 Taxes on specific goods and services,2009,600000,0.0
5120 Taxes on specific goods and services,2010,600000,0.0
5120 Taxes on specific goods and services,2011,600000,0.0
5120 Taxes on specific goods and services,2012,600000,0.0
5120 Taxes on specific goods and services,2013,600000,0.0
5120 Taxes on specific goods and services,2014,600000,0.0
5120 Taxes on specific goods and services,2015,600000,10.77
5120 Taxes on specific goods and services,2016,600000,6.62
5120 Taxes on specific goods and services,2017,600000,105.333
5130 Unallocable between 5110 and 5120,2004,600000,0.0
5130 Unallocable between 5110 and 5120,2005,600000,0.0
5130 Unallocable between 5110 and 5120,2006,600000,0.0
5130 Unallocable between 5110 and 5120,2007,600000,0.0
5130 Unallocable between 5110 and 5120,2008,600000,0.0
5130 Unallocable between 5110 and 5120,2009,600000,0.0
5130 Unallocable between 5110 and 5120,2010,600000,0.0
5130 Unallocable between 5110 and 5120,2011,600000,0.0
5130 Unallocable between 5110 and 5120,2012,600000,0.0
5130 Unallocable between 5110 and 5120,2013,600000,0.0
5130 Unallocable between 5110 and 5120,2014,600000,0.0
5130 Unallocable between 5110 and 5120,2015,600000,0.0
5130 Unallocable between 5110 and 5120,2016,600000,0.0
5130 Unallocable between 5110 and 5120,2017,600000,0.0
5130 Unallocable between 5110 and 5120,2018,600000,0.0
5130 Unallocable between 5110 and 5120,2019,600000,0.0
5130 Unallocable between 5110 and 5120,2020,600000,0.0
5130 Unallocable between 5110 and 5120,2021,600000,0.0
5130 Unallocable between 5110 and 5120,2004,600000,0.0
5130 Unallocable between 5110 and 5120,2005,600000,0.0
5130 Unallocable between 5110 and 5120,2006,600000,0.0
5130 Unallocable between 5110 and 5120,2007,600000,0.0
5130 Unallocable between 5110 and 5120,2008,600000,0.0
5130 Unallocable between 5110 and 5120,2009,600000,0.0
5130 Unallocable between 5110 and 5120,2010,600000,0.0
5130 Unallocable between 5110 and 5120,2011,600000,0.0
5130 Unallocable between 5110 and 5120,2012,600000,0.0
5130 Unallocable between 5110 and 5120,2013,600000,0.0
5130 Unallocable between 5110 and 5120,2014,600000,0.0
5130 Unallocable between 5110 and 5120,2015,600000,0.0
5130 Unallocable between 5110 and 5120,2016,600000,0.0
5130 Unallocable between 5110 and 5120,2017,600000,0.0
5130 Unallocable between 5110 and 5120,2018,600000,0.0
5130 Unallocable between 5110 and 5120,2019,600000,0.0
5130 Unallocable between 5110 and 5120,2020,600000,0.0
5130 Unallocable between 5110 and 5120,2021,600000,0.0
5200 Taxes on use of goods and perform activities,2004,600000,0.0
5200 Taxes on use of goods and perform activities,2005,600000,0.0
5200 Taxes on use of goods and perform activities,2006,600000,0.0
5200 Taxes on use of goods and perform activities,2007,600000,0.0
5200 Taxes on use of goods and perform activities,2008,600000,0.0
5200 Taxes on use of goods and perform activities,2009,600000,0.0
5200 Taxes on use of goods and perform activities,2010,600000,0.0
5200 Taxes on use of goods and perform activities,2011,600000,0.0
5200 Taxes on use of goods and perform activities,2012,600000,0.0
5200 Taxes on use of goods and perform activities,2013,600000,0.0
5200 Taxes on use of goods and perform activities,2014,600000,0.0
5200 Taxes on use of goods and perform activities,2015,600000,0.0
5200 Taxes on use of goods and perform activities,2016,600000,0.0
5200 Taxes on use of goods and perform activities,2017,600000,0.0
5200 Taxes on use of goods and perform activities,2018,600000,0.0
5200 Taxes on use of goods and perform activities,2019,600000,0.0
5200 Taxes on use of goods and perform activities,2020,600000,0.0
5200 Taxes on use of goods and perform activities,2021,600000,0.0
5200 Taxes on use of goods and perform activities,2004,600000,0.0
5200 Taxes on use of goods and perform activities,2005,600000,0.0
5200 Taxes on use of goods and perform activities,2006,600000,0.0
5200 Taxes on use of goods and perform activities,2007,600000,0.0
5200 Taxes on use of goods and perform activities,2008,600000,0.0
5200 Taxes on use of goods and perform activities,2009,600000,0.0
5200 Taxes on use of goods and perform activities,2010,600000,0.0
5200 Taxes on use of goods and perform activities,2011,600000,0.0
5200 Taxes on use of goods and perform activities,2012,600000,0.0
5200 Taxes on use of goods and perform activities,2013,600000,0.0
5200 Taxes on use of goods and perform activities,2014,600000,0.0
5200 Taxes on use of goods and perform activities,2015,600000,0.0
5200 Taxes on use of goods and perform activities,2016,600000,0.0
5200 Taxes on use of goods and perform activities,2017,600000,0.0
5200 Taxes on use of goods and perform activities,2018,600000,0.0
5200 Taxes on use of goods and perform activities,2019,600000,0.0
5200 Taxes on use of goods and perform activities,2020,600000,0.0
5200 Taxes on use of goods and perform activities,2021,600000,0.0
5300 Unallocable between 5100 and 5200,2004,600000,0.0
5300 Unallocable between 5100 and 5200,2005,600000,0.0
5300 Unallocable between 5100 and 5200,2006,600000,0.0
5300 Unallocable between 5100 and 5200,2007,600000,0.0
5300 Unallocable between 5100 and 5200,2008,600000,0.0
5300 Unallocable between 5100 and 5200,2009,600000,0.0
5300 Unallocable between 5100 and 5200,2010,600000,0.0
5300 Unallocable between 5100 and 5200,2011,600000,0.0
5300 Unallocable between 5100 and 5200,2012,600000,0.0
5300 Unallocable between 5100 and 5200,2013,600000,0.0
5300 Unallocable between 5100 and 5200,2014,600000,0.0
5300 Unallocable between 5100 and 5200,2015,600000,0.0
5300 Unallocable between 5100 and 5200,2016,600000,0.0
5300 Unallocable between 5100 and 5200,2017,600000,0.0
5300 Unallocable between 5100 and 5200,2018,600000,0.0
5300 Unallocable between 5100 and 5200,2019,600000,0.0
5300 Unallocable between 5100 and 5200,2020,600000,0.0
5300 Unallocable between 5100 and 5200,2021,600000,0.0
5300 Unallocable between 5100 and 5200,2004,600000,0.0
5300 Unallocable between 5100 and 5200,2005,600000,0.0
5300 Unallocable between 5100 and 5200,2006,600000,0.0
5300 Unallocable between 5100 and 5200,2007,600000,0.0
5300 Unallocable between 5100 and 5200,2008,600000,0.0
5300 Unallocable between 5100 and 5200,2009,600000,0.0
5300 Unallocable between 5100 and 5200,2010,600000,0.0
5300 Unallocable between 5100 and 5200,2011,600000,0.0
5300 Unallocable between 5100 and 5200,2012,600000,0.0
5300 Unallocable between 5100 and 5200,2013,600000,0.0
5300 Unallocable between 5100 and 5200,2014,600000,0.0
5300 Unallocable between 5100 and 5200,2015,600000,0.0
5300 Unallocable between 5100 and 5200,2016,600000,0.0
5300 Unallocable between 5100 and 5200,2017,600000,0.0
5300 Unallocable between 5100 and 5200,2018,600000,0.0
5300 Unallocable between 5100 and 5200,2019,600000,0.0
5300 Unallocable between 5100 and 5200,2020,600000,0.0
5300 Unallocable between 5100 and 5200,2021,600000,0.0
"6000 Taxes other than 1000, 2000, 3000, 4000 and 5000",2004,600000,0.0
"6000 Taxes other than 1000, 2000, 3000, 4000 and 5000",2005,600000,0.0
"6000 Taxes other than 1000, 2000, 3000, 4000 and 5000",2006,600000,0.0
"6000 Taxes other than 1000, 2000, 3000, 4000 and 5000",2007,600000,0.0
"6000 Taxes other than 1000, 2000, 3000, 4000 and 5000",2008,600000,0.0
"6000 Taxes other than 1000, 2000, 3000, 4000 and 5000",2009,600000,0.0
"6000 Taxes other than 1000, 2000, 3000, 4000 and 5000",2010,600000,0.0
"6000 Taxes other than 1000, 2000, 3000, 4000 and 5000",2011,600000,0.0
"6000 Taxes other than 1000, 2000, 3000, 4000 and 5000",2012,600000,0.0
"6000 Taxes other than 1000, 2000, 3000, 4000 and 5000",2013,600000,0.0
"6000 Taxes other than 1000, 2000, 3000, 4000 and 5000",2014,600000,0.0
"6000 Taxes other than 1000, 2000, 3000, 4000 and 5000",2015,600000,0.0
"6000 Taxes other than 1000, 2000, 3000, 4000 and 5000",2016,600000,0.0
"6000 Taxes other than 1000, 2000, 3000, 4000 and 5000",2017,600000,0.0
"6000 Taxes other than 1000, 2000, 3000, 4000 and 5000",2018,600000,0.0
"6000 Taxes other than 1000, 2000, 3000, 4000 and 5000",2019,600000,0.0
"6000 Taxes other than 1000, 2000, 3000, 4000 and 5000",2020,600000,0.0
"6000 Taxes other than 1000, 2000, 3000, 4000 and 5000",2021,600000,0.0
"6000 Taxes other than 1000, 2000, 3000, 4000 and 5000",2004,600000,0.0
"6000 Taxes other than 1000, 2000, 3000, 4000 and 5000",2005,600000,0.0
"6000 Taxes other than 1000, 2000, 3000, 4000 and 5000",2006,600000,0.0
"6000 Taxes other than 1000, 2000, 3000, 4000 and 5000",2007,600000,0.0
"6000 Taxes other than 1000, 2000, 3000, 4000 and 5000",2008,600000,0.0
"6000 Taxes other than 1000, 2000, 3000, 4000 and 5000",2009,600000,0.0
"6000 Taxes other than 1000, 2000, 3000, 4000 and 5000",2010,600000,0.0
"6000 Taxes other than 1000, 2000, 3000, 4000 and 5000",2011,600000,0.0
"6000 Taxes other than 1000, 2000, 3000, 4000 and 5000",2012,600000,0.0
"6000 Taxes other than 1000, 2000, 3000, 4000 and 5000",2013,600000,0.0
"6000 Taxes other than 1000, 2000, 3000, 4000 and 5000",2014,600000,0.0
"6000 Taxes other than 1000, 2000, 3000, 4000 and 5000",2015,600000,0.0
"6000 Taxes other than 1000, 2000, 3000, 4000 and 5000",2016,600000,0.0
"6000 Taxes other than 1000, 2000, 3000, 4000 and 5000",2017,600000,0.0
"6000 Taxes other than 1000, 2000, 3000, 4000 and 5000",2018,600000,0.0
"6000 Taxes other than 1000, 2000, 3000, 4000 and 5000",2019,600000,0.0
"6000 Taxes other than 1000, 2000, 3000, 4000 and 5000",2020,600000,0.0
"6000 Taxes other than 1000, 2000, 3000, 4000 and 5000",2021,600000,0.0
Total tax revenues not including social security contributions,2004,600000,1446.374
Total tax revenues not including social security contributions,2005,600000,1462.424
Total tax revenues not including social security contributions,2006,600000,1543.869
Total tax revenues not including social security contributions,2007,600000,1836.545
Total tax revenues not including social security contributions,2008,600000,2221.514
Total tax revenues not including social security contributions,2009,600000,2595.144
Total tax revenues not including social security contributions,2010,600000,2932.699
Total tax revenues not including social security contributions,2011,600000,3394.427
Total tax revenues not including social security contributions,2012,600000,3539.267
Total tax revenues not including social security contributions,2013,600000,4421.882
Total tax revenues not including social security contributions,2014,600000,5182.304
Total tax revenues not including social security contributions,2015,600000,5872.243
Total tax revenues not including social security contributions,2016,600000,5994.806
Total tax revenues not including social security contributions,2017,600000,6095.027
Total tax revenues not including social security contributions,2018,600000,7288.939
Total tax revenues not including social security contributions,2019,600000,7247.74
Total tax revenues not including social security contributions,2020,600000,6770.868
Total tax revenues not including social security contributions,2021,600000,7826.412
Total tax revenues not including social security contributions,2004,600000,1446.374
Total tax revenues not including social security contributions,2005,600000,1462.424
Total tax revenues not including social security contributions,2006,600000,1543.869
Total tax revenues not including social security contributions,2007,600000,1836.545
Total tax revenues not including social security contributions,2008,600000,2221.514
Total tax revenues not including social security contributions,2009,600000,2595.144
Total tax revenues not including social security contributions,2010,600000,2932.699
Total tax revenues not including social security contributions,2011,600000,3394.427
Total tax revenues not including social security contributions,2012,600000,3539.267
Total tax revenues not including social security contributions,2013,600000,4421.882
Total tax revenues not including social security contributions,2014,600000,5182.304
Total tax revenues not including social security contributions,2015,600000,5872.243
Total tax revenues not including social security contributions,2016,600000,5994.806
Total tax revenues not including social security contributions,2017,600000,6095.027
Total tax revenues not including social security contributions,2018,600000,7288.939
Total tax revenues not including social security contributions,2019,600000,7247.74
Total tax revenues not including social security contributions,2020,600000,6770.868
Total tax revenues not including social security contributions,2021,600000,7826.412
Total non-tax revenue,2004,600000,2554.92
Total non-tax revenue,2005,600000,2974.8
Total non-tax revenue,2006,600000,4800.16
Total non-tax revenue,2007,600000,4939.41
Total non-tax revenue,2008,600000,6058.72
Total non-tax revenue,2009,600000,6320.74
Total non-tax revenue,2010,600000,5667.82
Total non-tax revenue,2011,600000,5579.68
Total non-tax revenue,2012,600000,8978.89
Total non-tax revenue,2013,600000,8669.38
Total non-tax revenue,2014,600000,9170.89
Total non-tax revenue,2015,600000,8977.68
Total non-tax revenue,2016,600000,7457.736
Total non-tax revenue,2017,600000,8787.299
Total non-tax revenue,2018,600000,8690.876
Total non-tax revenue,2019,600000,8929.079
Total non-tax revenue,2020,600000,11849.882
Total non-tax revenue,2021,600000,11304.826
Total non-tax revenue,2004,600000,2554.92
Total non-tax revenue,2005,600000,2974.8
Total non-tax revenue,2006,600000,4800.16
Total non-tax revenue,2007,600000,4939.41
Total non-tax revenue,2008,600000,6058.72
Total non-tax revenue,2009,600000,6320.74
Total non-tax revenue,2010,600000,5667.82
Total non-tax revenue,2011,600000,5579.68
Total non-tax revenue,2012,600000,8978.89
Total non-tax revenue,2013,600000,8669.38
Total non-tax revenue,2014,600000,9170.89
Total non-tax revenue,2015,600000,8977.68
Total non-tax revenue,2016,600000,7457.736
Total non-tax revenue,2017,600000,8787.299
Total non-tax revenue,2018,600000,8690.876
Total non-tax revenue,2019,600000,8929.079
Total non-tax revenue,2020,600000,11849.882
Total non-tax revenue,2021,600000,11304.826
Non-tax revenue: Grants,2004,600000,163.56
Non-tax revenue: Grants,2005,600000,222.17
Non-tax revenue: Grants,2006,600000,324.4
Non-tax revenue: Grants,2007,600000,294.0
Non-tax revenue: Grants,2008,600000,569.41
Non-tax revenue: Grants,2009,600000,731.12
Non-tax revenue: Grants,2010,600000,1305.6
Non-tax revenue: Grants,2011,600000,1561.86
Non-tax revenue: Grants,2012,600000,1853.29
Non-tax revenue: Grants,2013,600000,1175.16
Non-tax revenue: Grants,2014,600000,634.7
Non-tax revenue: Grants,2015,600000,966.11
Non-tax revenue: Grants,2016,600000,1229.03
Non-tax revenue: Grants,2017,600000,1004.5
Non-tax revenue: Grants,2018,600000,1373.4
Non-tax revenue: Grants,2019,600000,1255.9
Non-tax revenue: Grants,2020,600000,1049.016
Non-tax revenue: Grants,2021,600000,1756.63
Non-tax revenue: Grants,2004,600000,163.56
Non-tax revenue: Grants,2005,600000,222.17
Non-tax revenue: Grants,2006,600000,324.4
Non-tax revenue: Grants,2007,600000,294.0
Non-tax revenue: Grants,2008,600000,569.41
Non-tax revenue: Grants,2009,600000,731.12
Non-tax revenue: Grants,2010,600000,1305.6
Non-tax revenue: Grants,2011,600000,1561.86
Non-tax revenue: Grants,2012,600000,1853.29
Non-tax revenue: Grants,2013,600000,1175.16
Non-tax revenue: Grants,2014,600000,634.7
Non-tax revenue: Grants,2015,600000,966.11
Non-tax revenue: Grants,2016,600000,1229.03
Non-tax revenue: Grants,2017,600000,1004.5
Non-tax revenue: Grants,2018,600000,1373.4
Non-tax revenue: Grants,2019,600000,1255.9
Non-tax revenue: Grants,2020,600000,1049.016
Non-tax revenue: Grants,2021,600000,1756.63
Non-tax revenue: Property income,2004,600000,208.11
Non-tax revenue: Property income,2005,600000,269.52
Non-tax revenue: Property income,2006,600000,360.49
Non-tax revenue: Property income,2007,600000,364.53
Non-tax revenue: Property income,2008,600000,464.79
Non-tax revenue: Property income,2009,600000,472.05
Non-tax revenue: Property income,2010,600000,1583.25
Non-tax revenue: Property income,2011,600000,1110.9
Non-tax revenue: Property income,2012,600000,1011.37
Non-tax revenue: Property income,2013,600000,1277.78
Non-tax revenue: Property income,2014,600000,1295.91
Non-tax revenue: Property income,2015,600000,1394.26
Non-tax revenue: Property income,2016,600000,1449.42
Non-tax revenue: Property income,2017,600000,1457.12
Non-tax revenue: Property income,2018,600000,1612.531
Non-tax revenue: Property income,2019,600000,1330.258
Non-tax revenue: Property income,2020,600000,1676.75
Non-tax revenue: Property income,2021,600000,1947.68
Non-tax revenue: Property income,2004,600000,208.11
Non-tax revenue: Property income,2005,600000,269.52
Non-tax revenue: Property income,2006,600000,360.49
Non-tax revenue: Property income,2007,600000,364.53
Non-tax revenue: Property income,2008,600000,464.79
Non-tax revenue: Property income,2009,600000,472.05
Non-tax revenue: Property income,2010,600000,1583.25
Non-tax revenue: Property income,2011,600000,1110.9
Non-tax revenue: Property income,2012,600000,1011.37
Non-tax revenue: Property income,2013,600000,1277.78
Non-tax revenue: Property income,2014,600000,1295.91
Non-tax revenue: Property income,2015,600000,1394.26
Non-tax revenue: Property income,2016,600000,1449.42
Non-tax revenue: Property income,2017,600000,1457.12
Non-tax revenue: Property income,2018,600000,1612.531
Non-tax revenue: Property income,2019,600000,1330.258
Non-tax revenue: Property income,2020,600000,1676.75
Non-tax revenue: Property income,2021,600000,1947.68
Non-tax revenue: Rents and royalties,2004,600000,208.11
Non-tax revenue: Rents and royalties,2005,600000,269.52
Non-tax revenue: Rents and royalties,2006,600000,360.49
Non-tax revenue: Rents and royalties,2007,600000,364.53
Non-tax revenue: Rents and royalties,2008,600000,464.79
Non-tax revenue: Rents and royalties,2009,600000,472.05
Non-tax revenue: Rents and royalties,2010,600000,897.22
Non-tax revenue: Rents and royalties,2011,600000,767.96
Non-tax revenue: Rents and royalties,2012,600000,913.64
Non-tax revenue: Rents and royalties,2013,600000,1171.68
Non-tax revenue: Rents and royalties,2014,600000,984.05
Non-tax revenue: Rents and royalties,2015,600000,992.8
Non-tax revenue: Rents and royalties,2016,600000,1087.9
Non-tax revenue: Rents and royalties,2017,600000,1244.47
Non-tax revenue: Rents and royalties,2018,600000,1294.01
Non-tax revenue: Rents and royalties,2019,600000,1154.42
Non-tax revenue: Rents and royalties,2020,600000,1558.91
Non-tax revenue: Rents and royalties,2021,600000,1869.006
Non-tax revenue: Rents and royalties,2004,600000,208.11
Non-tax revenue: Rents and royalties,2005,600000,269.52
Non-tax revenue: Rents and royalties,2006,600000,360.49
Non-tax revenue: Rents and royalties,2007,600000,364.53
Non-tax revenue: Rents and royalties,2008,600000,464.79
Non-tax revenue: Rents and royalties,2009,600000,472.05
Non-tax revenue: Rents and royalties,2010,600000,897.22
Non-tax revenue: Rents and royalties,2011,600000,767.96
Non-tax revenue: Rents and royalties,2012,600000,913.64
Non-tax revenue: Rents and royalties,2013,600000,1171.68
Non-tax revenue: Rents and royalties,2014,600000,984.05
Non-tax revenue: Rents and royalties,2015,600000,992.8
Non-tax revenue: Rents and royalties,2016,600000,1087.9
Non-tax revenue: Rents and royalties,2017,600000,1244.47
Non-tax revenue: Rents and royalties,2018,600000,1294.01
Non-tax revenue: Rents and royalties,2019,600000,1154.42
Non-tax revenue: Rents and royalties,2020,600000,1558.91
Non-tax revenue: Rents and royalties,2021,600000,1869.006
Water royalties,2004,600000,194.47
Water royalties,2005,600000,235.97
Water royalties,2006,600000,286.74
Water royalties,2007,600000,292.45
Water royalties,2008,600000,324.12
Water royalties,2009,600000,336.61
Water royalties,2010,600000,432.18
Water royalties,2011,600000,569.71
Water royalties,2012,600000,635.76
Water royalties,2013,600000,717.14
Water royalties,2014,600000,740.06
Water royalties,2015,600000,740.48
Water royalties,2016,600000,837.15
Water royalties,2017,600000,940.72
Water royalties,2018,600000,937.46
Water royalties,2019,600000,793.213
Water royalties,2020,600000,1073.726
Water royalties,2021,600000,1303.171
Water royalties,2004,600000,194.47
Water royalties,2005,600000,235.97
Water royalties,2006,600000,286.74
Water royalties,2007,600000,292.45
Water royalties,2008,600000,324.12
Water royalties,2009,600000,336.61
Water royalties,2010,600000,432.18
Water royalties,2011,600000,569.71
Water royalties,2012,600000,635.76
Water royalties,2013,600000,717.14
Water royalties,2014,600000,740.06
Water royalties,2015,600000,740.48
Water royalties,2016,600000,837.15
Water royalties,2017,600000,940.72
Water royalties,2018,600000,937.46
Water royalties,2019,600000,793.213
Water royalties,2020,600000,1073.726
Water royalties,2021,600000,1303.171
Mining and other royalties,2004,600000,13.64
Mining and other royalties,2005,600000,33.55
Mining and other royalties,2006,600000,73.75
Mining and other royalties,2007,600000,72.08
Mining and other royalties,2008,600000,140.67
Mining and other royalties,2009,600000,135.44
Mining and other royalties,2010,600000,465.04
Mining and other royalties,2011,600000,198.25
Mining and other royalties,2012,600000,277.88
Mining and other royalties,2013,600000,454.54
Mining and other royalties,2014,600000,243.99
Mining and other royalties,2015,600000,252.32
Mining and other royalties,2016,600000,250.75
Mining and other royalties,2017,600000,303.75
Mining and other royalties,2018,600000,356.55
Mining and other royalties,2019,600000,361.207
Mining and other royalties,2020,600000,485.184
Mining and other royalties,2021,600000,565.835
Mining and other royalties,2004,600000,13.64
Mining and other royalties,2005,600000,33.55
Mining and other royalties,2006,600000,73.75
Mining and other royalties,2007,600000,72.08
Mining and other royalties,2008,600000,140.67
Mining and other royalties,2009,600000,135.44
Mining and other royalties,2010,600000,465.04
Mining and other royalties,2011,600000,198.25
Mining and other royalties,2012,600000,277.88
Mining and other royalties,2013,600000,454.54
Mining and other royalties,2014,600000,243.99
Mining and other royalties,2015,600000,252.32
Mining and other royalties,2016,600000,250.75
Mining and other royalties,2017,600000,303.75
Mining and other royalties,2018,600000,356.55
Mining and other royalties,2019,600000,361.207
Mining and other royalties,2020,600000,485.184
Mining and other royalties,2021,600000,565.835
Non-tax revenue: Interest and dividends,2004,600000,0.0
Non-tax revenue: Interest and dividends,2005,600000,0.0
Non-tax revenue: Interest and dividends,2006,600000,0.0
Non-tax revenue: Interest and dividends,2007,600000,0.0
Non-tax revenue: Interest and dividends,2008,600000,0.0
Non-tax revenue: Interest and dividends,2009,600000,0.0
Non-tax revenue: Interest and dividends,2010,600000,686.03
Non-tax revenue: Interest and dividends,2011,600000,342.94
Non-tax revenue: Interest and dividends,2012,600000,97.73
Non-tax revenue: Interest and dividends,2013,600000,106.1
Non-tax revenue: Interest and dividends,2014,600000,311.86
Non-tax revenue: Interest and dividends,2015,600000,401.46
Non-tax revenue: Interest and dividends,2016,600000,361.52
Non-tax revenue: Interest and dividends,2017,600000,212.65
Non-tax revenue: Interest and dividends,2018,600000,318.521
Non-tax revenue: Interest and dividends,2019,600000,175.838
Non-tax revenue: Interest and dividends,2020,600000,117.84
Non-tax revenue: Interest and dividends,2021,600000,78.674
Non-tax revenue: Interest and dividends,2004,600000,0.0
Non-tax revenue: Interest and dividends,2005,600000,0.0
Non-tax revenue: Interest and dividends,2006,600000,0.0
Non-tax revenue: Interest and dividends,2007,600000,0.0
Non-tax revenue: Interest and dividends,2008,600000,0.0
Non-tax revenue: Interest and dividends,2009,600000,0.0
Non-tax revenue: Interest and dividends,2010,600000,686.03
Non-tax revenue: Interest and dividends,2011,600000,342.94
Non-tax revenue: Interest and dividends,2012,600000,97.73
Non-tax revenue: Interest and dividends,2013,600000,106.1
Non-tax revenue: Interest and dividends,2014,600000,311.86
Non-tax revenue: Interest and dividends,2015,600000,401.46
Non-tax revenue: Interest and dividends,2016,600000,361.52
Non-tax revenue: Interest and dividends,2017,600000,212.65
Non-tax revenue: Interest and dividends,2018,600000,318.521
Non-tax revenue: Interest and dividends,2019,600000,175.838
Non-tax revenue: Interest and dividends,2020,600000,117.84
Non-tax revenue: Interest and dividends,2021,600000,78.674
Non-tax revenue: Other property income,2004,600000,0.0
Non-tax revenue: Other property income,2005,600000,0.0
Non-tax revenue: Other property income,2006,600000,0.0
Non-tax revenue: Other property income,2007,600000,0.0
Non-tax revenue: Other property income,2008,600000,0.0
Non-tax revenue: Other property income,2009,600000,0.0
Non-tax revenue: Other property income,2010,600000,0.0
Non-tax revenue: Other property income,2011,600000,0.0
Non-tax revenue: Other property income,2012,600000,0.0
Non-tax revenue: Other property income,2013,600000,0.0
Non-tax revenue: Other property income,2014,600000,0.0
Non-tax revenue: Other property income,2015,600000,0.0
Non-tax revenue: Other property income,2016,600000,0.0
Non-tax revenue: Other property income,2017,600000,0.0
Non-tax revenue: Other property income,2018,600000,0.0
Non-tax revenue: Other property income,2019,600000,0.0
Non-tax revenue: Other property income,2020,600000,0.0
Non-tax revenue: Other property income,2021,600000,0.0
Non-tax revenue: Other property income,2004,600000,0.0
Non-tax revenue: Other property income,2005,600000,0.0
Non-tax revenue: Other property income,2006,600000,0.0
Non-tax revenue: Other property income,2007,600000,0.0
Non-tax revenue: Other property income,2008,600000,0.0
Non-tax revenue: Other property income,2009,600000,0.0
Non-tax revenue: Other property income,2010,600000,0.0
Non-tax revenue: Other property income,2011,600000,0.0
Non-tax revenue: Other property income,2012,600000,0.0
Non-tax revenue: Other property income,2013,600000,0.0
Non-tax revenue: Other property income,2014,600000,0.0
Non-tax revenue: Other property income,2015,600000,0.0
Non-tax revenue: Other property income,2016,600000,0.0
Non-tax revenue: Other property income,2017,600000,0.0
Non-tax revenue: Other property income,2018,600000,0.0
Non-tax revenue: Other property income,2019,600000,0.0
Non-tax revenue: Other property income,2020,600000,0.0
Non-tax revenue: Other property income,2021,600000,0.0
Non-tax revenue: Sales of goods and services,2004,600000,164.54
Non-tax revenue: Sales of goods and services,2005,600000,170.27
Non-tax revenue: Sales of goods and services,2006,600000,153.19
Non-tax revenue: Sales of goods and services,2007,600000,182.36
Non-tax revenue: Sales of goods and services,2008,600000,122.54
Non-tax revenue: Sales of goods and services,2009,600000,193.09
Non-tax revenue: Sales of goods and services,2010,600000,148.58
Non-tax revenue: Sales of goods and services,2011,600000,152.74
Non-tax revenue: Sales of goods and services,2012,600000,147.44
Non-tax revenue: Sales of goods and services,2013,600000,160.24
Non-tax revenue: Sales of goods and services,2014,600000,202.79
Non-tax revenue: Sales of goods and services,2015,600000,215.53
Non-tax revenue: Sales of goods and services,2017,600000,168.92
Non-tax revenue: Sales of goods and services,2018,600000,166.34
Non-tax revenue: Sales of goods and services,2019,600000,115.431
Non-tax revenue: Sales of goods and services,2020,600000,142.899
Non-tax revenue: Sales of goods and services,2004,600000,164.54
Non-tax revenue: Sales of goods and services,2005,600000,170.27
Non-tax revenue: Sales of goods and services,2006,600000,153.19
Non-tax revenue: Sales of goods and services,2007,600000,182.36
Non-tax revenue: Sales of goods and services,2008,600000,122.54
Non-tax revenue: Sales of goods and services,2009,600000,193.09
Non-tax revenue: Sales of goods and services,2010,600000,148.58
Non-tax revenue: Sales of goods and services,2011,600000,152.74
Non-tax revenue: Sales of goods and services,2012,600000,147.44
Non-tax revenue: Sales of goods and services,2013,600000,160.24
Non-tax revenue: Sales of goods and services,2014,600000,202.79
Non-tax revenue: Sales of goods and services,2015,600000,215.53
Non-tax revenue: Sales of goods and services,2017,600000,168.92
Non-tax revenue: Sales of goods and services,2018,600000,166.34
Non-tax revenue: Sales of goods and services,2019,600000,115.431
Non-tax revenue: Sales of goods and services,2020,600000,142.899
"Non-tax revenue: Fines, penalties and forfeits",2004,600000,6.31
"Non-tax revenue: Fines, penalties and forfeits",2005,600000,6.84
"Non-tax revenue: Fines, penalties and forfeits",2007,600000,0.82
"Non-tax revenue: Fines, penalties and forfeits",2008,600000,1.38
"Non-tax revenue: Fines, penalties and forfeits",2009,600000,6.48
"Non-tax revenue: Fines, penalties and forfeits",2010,600000,2.49
"Non-tax revenue: Fines, penalties and forfeits",2011,600000,1.58
"Non-tax revenue: Fines, penalties and forfeits",2012,600000,0.49
"Non-tax revenue: Fines, penalties and forfeits",2013,600000,1.6
"Non-tax revenue: Fines, penalties and forfeits",2014,600000,3.39
"Non-tax revenue: Fines, penalties and forfeits",2015,600000,3.58
"Non-tax revenue: Fines, penalties and forfeits",2016,600000,4.15
"Non-tax revenue: Fines, penalties and forfeits",2017,600000,2.56
"Non-tax revenue: Fines, penalties and forfeits",2018,600000,0.45
"Non-tax revenue: Fines, penalties and forfeits",2019,600000,1.279
"Non-tax revenue: Fines, penalties and forfeits",2020,600000,0.717
"Non-tax revenue: Fines, penalties and forfeits",2021,600000,0.411
"Non-tax revenue: Fines, penalties and forfeits",2004,600000,6.31
"Non-tax revenue: Fines, penalties and forfeits",2005,600000,6.84
"Non-tax revenue: Fines, penalties and forfeits",2007,600000,0.82
"Non-tax revenue: Fines, penalties and forfeits",2008,600000,1.38
"Non-tax revenue: Fines, penalties and forfeits",2009,600000,6.48
"Non-tax revenue: Fines, penalties and forfeits",2010,600000,2.49
"Non-tax revenue: Fines, penalties and forfeits",2011,600000,1.58
"Non-tax revenue: Fines, penalties and forfeits",2012,600000,0.49
"Non-tax revenue: Fines, penalties and forfeits",2013,600000,1.6
"Non-tax revenue: Fines, penalties and forfeits",2014,600000,3.39
"Non-tax revenue: Fines, penalties and forfeits",2015,600000,3.58
"Non-tax revenue: Fines, penalties and forfeits",2016,600000,4.15
"Non-tax revenue: Fines, penalties and forfeits",2017,600000,2.56
"Non-tax revenue: Fines, penalties and forfeits",2018,600000,0.45
"Non-tax revenue: Fines, penalties and forfeits",2019,600000,1.279
"Non-tax revenue: Fines, penalties and forfeits",2020,600000,0.717
"Non-tax revenue: Fines, penalties and forfeits",2021,600000,0.411
Non-tax revenue: Miscellaneous and unidentified revenue,2004,600000,2012.4
Non-tax revenue: Miscellaneous and unidentified revenue,2005,600000,2306.0
Non-tax revenue: Miscellaneous and unidentified revenue,2006,600000,3945.0
Non-tax revenue: Miscellaneous and unidentified revenue,2007,600000,4097.7
Non-tax revenue: Miscellaneous and unidentified revenue,2008,600000,4900.6
Non-tax revenue: Miscellaneous and unidentified revenue,2009,600000,4918.0
Non-tax revenue: Miscellaneous and unidentified revenue,2010,600000,2627.9
Non-tax revenue: Miscellaneous and unidentified revenue,2011,600000,2752.6
Non-tax revenue: Miscellaneous and unidentified revenue,2012,600000,5966.3
Non-tax revenue: Miscellaneous and unidentified revenue,2013,600000,6054.6
Non-tax revenue: Miscellaneous and unidentified revenue,2014,600000,7034.1
Non-tax revenue: Miscellaneous and unidentified revenue,2015,600000,6398.2
Non-tax revenue: Miscellaneous and unidentified revenue,2016,600000,4518.966
Non-tax revenue: Miscellaneous and unidentified revenue,2017,600000,6154.199
Non-tax revenue: Miscellaneous and unidentified revenue,2018,600000,5538.155
Non-tax revenue: Miscellaneous and unidentified revenue,2019,600000,6226.21
Non-tax revenue: Miscellaneous and unidentified revenue,2020,600000,8980.5
Non-tax revenue: Miscellaneous and unidentified revenue,2021,600000,7537.233
Non-tax revenue: Miscellaneous and unidentified revenue,2004,600000,2012.4
Non-tax revenue: Miscellaneous and unidentified revenue,2005,600000,2306.0
Non-tax revenue: Miscellaneous and unidentified revenue,2006,600000,3945.0
Non-tax revenue: Miscellaneous and unidentified revenue,2007,600000,4097.7
Non-tax revenue: Miscellaneous and unidentified revenue,2008,600000,4900.6
Non-tax revenue: Miscellaneous and unidentified revenue,2009,600000,4918.0
Non-tax revenue: Miscellaneous and unidentified revenue,2010,600000,2627.9
Non-tax revenue: Miscellaneous and unidentified revenue,2011,600000,2752.6
Non-tax revenue: Miscellaneous and unidentified revenue,2012,600000,5966.3
Non-tax revenue: Miscellaneous and unidentified revenue,2013,600000,6054.6
Non-tax revenue: Miscellaneous and unidentified revenue,2014,600000,7034.1
Non-tax revenue: Miscellaneous and unidentified revenue,2015,600000,6398.2
Non-tax revenue: Miscellaneous and unidentified revenue,2016,600000,4518.966
Non-tax revenue: Miscellaneous and unidentified revenue,2017,600000,6154.199
Non-tax revenue: Miscellaneous and unidentified revenue,2018,600000,5538.155
Non-tax revenue: Miscellaneous and unidentified revenue,2019,600000,6226.21
Non-tax revenue: Miscellaneous and unidentified revenue,2020,600000,8980.5
Non-tax revenue: Miscellaneous and unidentified revenue,2021,600000,7537.233
SACU revenue,2004,600000,2012.4
SACU revenue,2005,600000,2306.0
SACU revenue,2006,600000,3945.0
SACU revenue,2007,600000,4097.7
SACU revenue,2008,600000,4900.6
SACU revenue,2009,600000,4918.0
SACU revenue,2010,600000,2627.9
SACU revenue,2011,600000,2752.6
SACU revenue,2012,600000,5966.3
SACU revenue,2013,600000,6054.6
SACU revenue,2014,600000,7034.1
SACU revenue,2015,600000,6398.2
SACU revenue,2016,600000,4518.966
SACU revenue,2017,600000,6154.199
SACU revenue,2018,600000,5538.155
SACU revenue,2019,600000,6226.21
SACU revenue,2020,600000,8980.5
SACU revenue,2021,600000,7537.233
SACU revenue,2004,600000,2012.4
SACU revenue,2005,600000,2306.0
SACU revenue,2006,600000,3945.0
SACU revenue,2007,600000,4097.7
SACU revenue,2008,600000,4900.6
SACU revenue,2009,600000,4918.0
SACU revenue,2010,600000,2627.9
SACU revenue,2011,600000,2752.6
SACU revenue,2012,600000,5966.3
SACU revenue,2013,600000,6054.6
SACU revenue,2014,600000,7034.1
SACU revenue,2015,600000,6398.2
SACU revenue,2016,600000,4518.966
SACU revenue,2017,600000,6154.199
SACU revenue,2018,600000,5538.155
SACU revenue,2019,600000,6226.21
SACU revenue,2020,600000,8980.5
SACU revenue,2021,600000,7537.233
Total non-tax revenue excluding grants,2004,600000,2391.36
Total non-tax revenue excluding grants,2005,600000,2752.63
Total non-tax revenue excluding grants,2006,600000,4475.76
Total non-tax revenue excluding grants,2007,600000,4645.41
Total non-tax revenue excluding grants,2008,600000,5489.31
Total non-tax revenue excluding grants,2009,600000,5589.62
Total non-tax revenue excluding grants,2010,600000,4362.22
Total non-tax revenue excluding grants,2011,600000,4017.82
Total non-tax revenue excluding grants,2012,600000,7125.6
Total non-tax revenue excluding grants,2013,600000,7494.22
Total non-tax revenue excluding grants,2014,600000,8536.19
Total non-tax revenue excluding grants,2015,600000,8011.57
Total non-tax revenue excluding grants,2016,600000,6228.706
Total non-tax revenue excluding grants,2017,600000,7782.799
Total non-tax revenue excluding grants,2018,600000,7317.476
Total non-tax revenue excluding grants,2019,600000,7673.179
Total non-tax revenue excluding grants,2020,600000,10800.866
Total non-tax revenue excluding grants,2021,600000,9548.196
Total non-tax revenue excluding grants,2004,600000,2391.36
Total non-tax revenue excluding grants,2005,600000,2752.63
Total non-tax revenue excluding grants,2006,600000,4475.76
Total non-tax revenue excluding grants,2007,600000,4645.41
Total non-tax revenue excluding grants,2008,600000,5489.31
Total non-tax revenue excluding grants,2009,600000,5589.62
Total non-tax revenue excluding grants,2010,600000,4362.22
Total non-tax revenue excluding grants,2011,600000,4017.82
Total non-tax revenue excluding grants,2012,600000,7125.6
Total non-tax revenue excluding grants,2013,600000,7494.22
Total non-tax revenue excluding grants,2014,600000,8536.19
Total non-tax revenue excluding grants,2015,600000,8011.57
Total non-tax revenue excluding grants,2016,600000,6228.706
Total non-tax revenue excluding grants,2017,600000,7782.799
Total non-tax revenue excluding grants,2018,600000,7317.476
Total non-tax revenue excluding grants,2019,600000,7673.179
Total non-tax revenue excluding grants,2020,600000,10800.866
Total non-tax revenue excluding grants,2021,600000,9548.196
Total tax and non-tax revenue excluding grants,2004,600000,3837.734
Total tax and non-tax revenue excluding grants,2005,600000,4215.054
Total tax and non-tax revenue excluding grants,2006,600000,6019.629
Total tax and non-tax revenue excluding grants,2007,600000,6481.955
Total tax and non-tax revenue excluding grants,2008,600000,7710.824
Total tax and non-tax revenue excluding grants,2009,600000,8184.764
Total tax and non-tax revenue excluding grants,2010,600000,7294.919
Total tax and non-tax revenue excluding grants,2011,600000,7412.247
Total tax and non-tax revenue excluding grants,2012,600000,10664.867
Total tax and non-tax revenue excluding grants,2013,600000,11916.102
Total tax and non-tax revenue excluding grants,2014,600000,13718.494
Total tax and non-tax revenue excluding grants,2015,600000,13883.813
Total tax and non-tax revenue excluding grants,2016,600000,12223.512
Total tax and non-tax revenue excluding grants,2017,600000,13877.826
Total tax and non-tax revenue excluding grants,2018,600000,14606.415
Total tax and non-tax revenue excluding grants,2019,600000,14920.918
Total tax and non-tax revenue excluding grants,2020,600000,17571.733
Total tax and non-tax revenue excluding grants,2021,600000,17374.608
Total tax and non-tax revenue excluding grants,2004,600000,3837.734
Total tax and non-tax revenue excluding grants,2005,600000,4215.054
Total tax and non-tax revenue excluding grants,2006,600000,6019.629
Total tax and non-tax revenue excluding grants,2007,600000,6481.955
Total tax and non-tax revenue excluding grants,2008,600000,7710.824
Total tax and non-tax revenue excluding grants,2009,600000,8184.764
Total tax and non-tax revenue excluding grants,2010,600000,7294.919
Total tax and non-tax revenue excluding grants,2011,600000,7412.247
Total tax and non-tax revenue excluding grants,2012,600000,10664.867
Total tax and non-tax revenue excluding grants,2013,600000,11916.102
Total tax and non-tax revenue excluding grants,2014,600000,13718.494
Total tax and non-tax revenue excluding grants,2015,600000,13883.813
Total tax and non-tax revenue excluding grants,2016,600000,12223.512
Total tax and non-tax revenue excluding grants,2017,600000,13877.826
Total tax and non-tax revenue excluding grants,2018,600000,14606.415
Total tax and non-tax revenue excluding grants,2019,600000,14920.918
Total tax and non-tax revenue excluding grants,2020,600000,17571.733
Total tax and non-tax revenue excluding grants,2021,600000,17374.608
Excise taxes collected on behalf of the SACU Common Revenue Pool,2004,600000,55.076
Excise taxes collected on behalf of the SACU Common Revenue Pool,2005,600000,53.217
Excise taxes collected on behalf of the SACU Common Revenue Pool,2006,600000,57.477
Excise taxes collected on behalf of the SACU Common Revenue Pool,2007,600000,70.831
Excise taxes collected on behalf of the SACU Common Revenue Pool,2008,600000,74.816
Excise taxes collected on behalf of the SACU Common Revenue Pool,2009,600000,98.988
Excise taxes collected on behalf of the SACU Common Revenue Pool,2010,600000,109.856
Excise taxes collected on behalf of the SACU Common Revenue Pool,2011,600000,91.957
Excise taxes collected on behalf of the SACU Common Revenue Pool,2012,600000,103.543
Excise taxes collected on behalf of the SACU Common Revenue Pool,2013,600000,121.37
Excise taxes collected on behalf of the SACU Common Revenue Pool,2014,600000,108.452
Excise taxes collected on behalf of the SACU Common Revenue Pool,2015,600000,102.291
Excise taxes collected on behalf of the SACU Common Revenue Pool,2016,600000,127.62
Excise taxes collected on behalf of the SACU Common Revenue Pool,2017,600000,191.36
Excise taxes collected on behalf of the SACU Common Revenue Pool,2020,600000,81.735
Excise taxes collected on behalf of the SACU Common Revenue Pool,2004,600000,55.076
Excise taxes collected on behalf of the SACU Common Revenue Pool,2005,600000,53.217
Excise taxes collected on behalf of the SACU Common Revenue Pool,2006,600000,57.477
Excise taxes collected on behalf of the SACU Common Revenue Pool,2007,600000,70.831
Excise taxes collected on behalf of the SACU Common Revenue Pool,2008,600000,74.816
Excise taxes collected on behalf of the SACU Common Revenue Pool,2009,600000,98.988
Excise taxes collected on behalf of the SACU Common Revenue Pool,2010,600000,109.856
Excise taxes collected on behalf of the SACU Common Revenue Pool,2011,600000,91.957
Excise taxes collected on behalf of the SACU Common Revenue Pool,2012,600000,103.543
Excise taxes collected on behalf of the SACU Common Revenue Pool,2013,600000,121.37
Excise taxes collected on behalf of the SACU Common Revenue Pool,2014,600000,108.452
Excise taxes collected on behalf of the SACU Common Revenue Pool,2015,600000,102.291
Excise taxes collected on behalf of the SACU Common Revenue Pool,2016,600000,127.62
Excise taxes collected on behalf of the SACU Common Revenue Pool,2017,600000,191.36
Excise taxes collected on behalf of the SACU Common Revenue Pool,2020,600000,81.735
Import duties collected on behalf of the SACU Common Revenue Pool,2004,600000,58.074
Import duties collected on behalf of the SACU Common Revenue Pool,2005,600000,17.586
Import duties collected on behalf of the SACU Common Revenue Pool,2006,600000,17.678
Import duties collected on behalf of the SACU Common Revenue Pool,2007,600000,30.947
Import duties collected on behalf of the SACU Common Revenue Pool,2008,600000,32.095
Import duties collected on behalf of the SACU Common Revenue Pool,2009,600000,25.391
Import duties collected on behalf of the SACU Common Revenue Pool,2010,600000,32.322
Import duties collected on behalf of the SACU Common Revenue Pool,2011,600000,55.927
Import duties collected on behalf of the SACU Common Revenue Pool,2012,600000,73.566
Import duties collected on behalf of the SACU Common Revenue Pool,2013,600000,71.732
Import duties collected on behalf of the SACU Common Revenue Pool,2014,600000,94.401
Import duties collected on behalf of the SACU Common Revenue Pool,2015,600000,145.494
Import duties collected on behalf of the SACU Common Revenue Pool,2016,600000,108.44
Import duties collected on behalf of the SACU Common Revenue Pool,2017,600000,120.657
Import duties collected on behalf of the SACU Common Revenue Pool,2018,600000,145.14
Import duties collected on behalf of the SACU Common Revenue Pool,2019,600000,146.958
Import duties collected on behalf of the SACU Common Revenue Pool,2020,600000,106.981
Import duties collected on behalf of the SACU Common Revenue Pool,2021,600000,133.853
Import duties collected on behalf of the SACU Common Revenue Pool,2004,600000,58.074
Import duties collected on behalf of the SACU Common Revenue Pool,2005,600000,17.586
Import duties collected on behalf of the SACU Common Revenue Pool,2006,600000,17.678
Import duties collected on behalf of the SACU Common Revenue Pool,2007,600000,30.947
Import duties collected on behalf of the SACU Common Revenue Pool,2008,600000,32.095
Import duties collected on behalf of the SACU Common Revenue Pool,2009,600000,25.391
Import duties collected on behalf of the SACU Common Revenue Pool,2010,600000,32.322
Import duties collected on behalf of the SACU Common Revenue Pool,2011,600000,55.927
Import duties collected on behalf of the SACU Common Revenue Pool,2012,600000,73.566
Import duties collected on behalf of the SACU Common Revenue Pool,2013,600000,71.732
Import duties collected on behalf of the SACU Common Revenue Pool,2014,600000,94.401
Import duties collected on behalf of the SACU Common Revenue Pool,2015,600000,145.494
Import duties collected on behalf of the SACU Common Revenue Pool,2016,600000,108.44
Import duties collected on behalf of the SACU Common Revenue Pool,2017,600000,120.657
Import duties collected on behalf of the SACU Common Revenue Pool,2018,600000,145.14
Import duties collected on behalf of the SACU Common Revenue Pool,2019,600000,146.958
Import duties collected on behalf of the SACU Common Revenue Pool,2020,600000,106.981
Import duties collected on behalf of the SACU Common Revenue Pool,2021,600000,133.853
VAT - Domestic (Gross),2004,600000,463.51
VAT - Domestic (Gross),2005,600000,462.862
VAT - Domestic (Gross),2006,600000,522.002
VAT - Domestic (Gross),2007,600000,617.326
VAT - Domestic (Gross),2008,600000,791.459
VAT - Domestic (Gross),2009,600000,837.325
VAT - Domestic (Gross),2010,600000,1045.561
VAT - Domestic (Gross),2011,600000,1164.897
VAT - Domestic (Gross),2012,600000,1481.07
VAT - Domestic (Gross),2013,600000,1531.516
VAT - Domestic (Gross),2014,600000,1805.725
VAT - Domestic (Gross),2015,600000,1996.112
VAT - Domestic (Gross),2016,600000,2130.628
VAT - Domestic (Gross),2017,600000,2250.492
VAT - Domestic (Gross),2018,600000,2681.488
VAT - Domestic (Gross),2019,600000,2877.285
VAT - Domestic (Gross),2020,600000,2668.417
VAT - Domestic (Gross),2021,600000,3140.947
VAT - Domestic (Refunds),2004,600000,-50.356
VAT - Domestic (Refunds),2005,600000,-59.38
VAT - Domestic (Refunds),2006,600000,-77.768
VAT - Domestic (Refunds),2007,600000,-89.082
VAT - Domestic (Refunds),2008,600000,-172.485
VAT - Domestic (Refunds),2009,600000,-164.981
VAT - Domestic (Refunds),2010,600000,-237.861
VAT - Domestic (Refunds),2011,600000,-291.021
VAT - Domestic (Refunds),2012,600000,-409.441
VAT - Domestic (Refunds),2013,600000,-351.264
VAT - Domestic (Refunds),2014,600000,-394.026
VAT - Domestic (Refunds),2015,600000,-566.002
VAT - Domestic (Refunds),2016,600000,-674.828
VAT - Domestic (Refunds),2017,600000,-631.698
VAT - Domestic (Refunds),2018,600000,-681.585
VAT - Domestic (Refunds),2019,600000,-866.652
VAT - Domestic (Refunds),2020,600000,-722.489
VAT - Domestic (Refunds),2021,600000,-860.203
VAT - Domestic (Gross),2004,600000,463.51
VAT - Domestic (Gross),2005,600000,462.862
VAT - Domestic (Gross),2006,600000,522.002
VAT - Domestic (Gross),2007,600000,617.326
VAT - Domestic (Gross),2008,600000,791.459
VAT - Domestic (Gross),2009,600000,837.325
VAT - Domestic (Gross),2010,600000,1045.561
VAT - Domestic (Gross),2011,600000,1164.897
VAT - Domestic (Gross),2012,600000,1481.07
VAT - Domestic (Gross),2013,600000,1531.516
VAT - Domestic (Gross),2014,600000,1805.725
VAT - Domestic (Gross),2015,600000,1996.112
VAT - Domestic (Gross),2016,600000,2130.628
VAT - Domestic (Gross),2017,600000,2250.492
VAT - Domestic (Gross),2018,600000,2681.488
VAT - Domestic (Gross),2019,600000,2877.285
VAT - Domestic (Gross),2020,600000,2668.417
VAT - Domestic (Gross),2021,600000,3140.947
VAT - Domestic (Refunds),2004,600000,-50.356
VAT - Domestic (Refunds),2005,600000,-59.38
VAT - Domestic (Refunds),2006,600000,-77.768
VAT - Domestic (Refunds),2007,600000,-89.082
VAT - Domestic (Refunds),2008,600000,-172.485
VAT - Domestic (Refunds),2009,600000,-164.981
VAT - Domestic (Refunds),2010,600000,-237.861
VAT - Domestic (Refunds),2011,600000,-291.021
VAT - Domestic (Refunds),2012,600000,-409.441
VAT - Domestic (Refunds),2013,600000,-351.264
VAT - Domestic (Refunds),2014,600000,-394.026
VAT - Domestic (Refunds),2015,600000,-566.002
VAT - Domestic (Refunds),2016,600000,-674.828
VAT - Domestic (Refunds),2017,600000,-631.698
VAT - Domestic (Refunds),2018,600000,-681.585
VAT - Domestic (Refunds),2019,600000,-866.652
VAT - Domestic (Refunds),2020,600000,-722.489
VAT - Domestic (Refunds),2021,600000,-860.203
